code,city,state,state_code
35AN1,Port Blair Dto,Andaman And Nicobar Islands,35
28AP221,Adoni Rto,Andhra Pradesh,28
28AP205,Amalapuram Rta,Andhra Pradesh,28
28AP131,Anakapalli Rta,Andhra Pradesh,28
28AP2,Anantapur Rta,Andhra Pradesh,28
28AP126,Atmakur Mvi Office,Andhra Pradesh,28
28AP104,Badvel Mvi Office,Andhra Pradesh,28
28AP207,Bapatla Mvi Office,Andhra Pradesh,28
28AP137,Bhimavaram Rta,Andhra Pradesh,28
28AP307,Chilakaluripeta Mvi Office,Andhra Pradesh,28
28AP905,Chintoor,Andhra Pradesh,28
28AP127,Chirala Uo,Andhra Pradesh,28
28AP3,Chittoor Rta,Andhra Pradesh,28
28AP4,Cuddapah Rta,Andhra Pradesh,28
28AP427,Darsi Uo,Andhra Pradesh,28
28AP231,Gajuwaka Rta,Andhra Pradesh,28
28AP116,Gudiwada Rta,Andhra Pradesh,28
28AP226,Gudur Rta,Andhra Pradesh,28
28AP202,Guntakal Uo,Andhra Pradesh,28
28AP7,Guntur Rta,Andhra Pradesh,28
28AP102,Hindupur Rta,Andhra Pradesh,28
28AP130,Itchapuram Mvi Office,Andhra Pradesh,28
28AP616,Jaggayyapet Uo,Andhra Pradesh,28
28AP237,Jangareddygudem Rta,Andhra Pradesh,28
28AP227,Kandukur Mvi Office,Andhra Pradesh,28
28AP326,Kavali Uo,Andhra Pradesh,28
28AP337,Kovvuru Uo,Andhra Pradesh,28
28AP21,Kurnool Rta,Andhra Pradesh,28
28AP407,Macherla Mvi Office,Andhra Pradesh,28
28AP203,Madanapalle Uo,Andhra Pradesh,28
28AP405,Mandapeta Uo,Andhra Pradesh,28
28AP507,Mangalagiri Mvi Office,Andhra Pradesh,28
28AP327,Markapur Uo,Andhra Pradesh,28
28AP316,Nandigama Rta,Andhra Pradesh,28
28AP121,Nandyal Rta,Andhra Pradesh,28
28AP107,Narasaraopet Rta,Andhra Pradesh,28
28AP331,Narsipatnam Mvi Office,Andhra Pradesh,28
28AP26,Nellore Rta,Andhra Pradesh,28
28AP416,Nuzvid Uo,Andhra Pradesh,28
28AP41,Paderu Rta,Andhra Pradesh,28
28AP637,Palakole Uo,Andhra Pradesh,28
28AP230,Palakonda Mvi Office,Andhra Pradesh,28
28AP303,Palamaner Mvi Office,Andhra Pradesh,28
28AP135,Parvathipuram Rto Office,Andhra Pradesh,28
28AP607,Piduguralla Uo,Andhra Pradesh,28
28AP403,Piler Mvi Office,Andhra Pradesh,28
28AP27,Prakasam Rta,Andhra Pradesh,28
28AP204,Proddutur Rta,Andhra Pradesh,28
28AP304,Pulivendula Mvi Office,Andhra Pradesh,28
28AP113,Punganur Uo,Andhra Pradesh,28
28AP503,Puttur Mvi Office,Andhra Pradesh,28
28AP105,Rajahmundry Rta,Andhra Pradesh,28
28AP605,Ramachandrapuram Uo,Andhra Pradesh,28
28AP705,Ravulapalem Uo,Andhra Pradesh,28
28AP504,Rayachoti Mvi Office,Andhra Pradesh,28
28AP141,Regional Transport Office Rampachodavaram,Andhra Pradesh,28
28AP37,Rta Eluru,Andhra Pradesh,28
28AP5,Rta Kakinada,Andhra Pradesh,28
28AP216,Rta Machilipatnam,Andhra Pradesh,28
28AP235,Salur Mvi Office,Andhra Pradesh,28
28AP30,Srikakulam Rta,Andhra Pradesh,28
28AP426,Sullurpet Uo,Andhra Pradesh,28
28AP437,Tadepalli Gudem Uo,Andhra Pradesh,28
28AP402,Tadipatri Uo,Andhra Pradesh,28
28AP537,Tanuku Uo,Andhra Pradesh,28
28AP430,Tekkali Mvi Office,Andhra Pradesh,28
28AP707,Tenali Uo,Andhra Pradesh,28
28AP103,Tirupati Rta,Andhra Pradesh,28
28AP305,Unit Office Kathipudi,Andhra Pradesh,28
28AP502,Unit Office Rayadurg,Andhra Pradesh,28
28AP16,Vijayawada Rta,Andhra Pradesh,28
28AP31,Vishakapatnam Rta,Andhra Pradesh,28
28AP35,Vizianagaram Rta,Andhra Pradesh,28
28AP516,Vuyyuru Uo,Andhra Pradesh,28
12AR17,Anjaw,Arunachal Pradesh,12
12AR12,Changlang,Arunachal Pradesh,12
12AR10,Dibang Valley,Arunachal Pradesh,12
12AR5,East Kameng,Arunachal Pradesh,12
12AR9,East Siang,Arunachal Pradesh,12
12AR1,Itanagar Capital Region,Arunachal Pradesh,12
12AR23,Kamle,Arunachal Pradesh,12
12AR19,Kra-Daadi,Arunachal Pradesh,12
12AR15,Kurung Kumey,Arunachal Pradesh,12
12AR25,Leparada,Arunachal Pradesh,12
12AR11,Lohit,Arunachal Pradesh,12
12AR18,Longding,Arunachal Pradesh,12
12AR16,Lower Dibang Valley,Arunachal Pradesh,12
12AR22,Lower Siang,Arunachal Pradesh,12
12AR6,Lower Subansiri,Arunachal Pradesh,12
12AR20,Namsai,Arunachal Pradesh,12
12AR24,Pakke-Kesang,Arunachal Pradesh,12
12AR26,Shi-Yomi,Arunachal Pradesh,12
12AR21,Siang,Arunachal Pradesh,12
12AR3,Tawang,Arunachal Pradesh,12
12AR13,Tirap,Arunachal Pradesh,12
12AR14,Upper Siang,Arunachal Pradesh,12
12AR7,Upper Subansiri,Arunachal Pradesh,12
12AR4,West Kameng,Arunachal Pradesh,12
12AR8,West Siang,Arunachal Pradesh,12
12AR2,Yupia,Arunachal Pradesh,12
18AS15,Barpeta,Assam,18
18AS28,Baska,Assam,18
18AS32,Biswanath Chariali,Assam,18
18AS19,Bongaigaon,Assam,18
18AS11,Cachar,Assam,18
18AS33,Charaideo,Assam,18
18AS26,Chirang,Assam,18
18AS13,Darrang,Assam,18
18AS22,Dhemaji,Assam,18
18AS17,Dhubri,Assam,18
18AS6,Dibrugarh,Assam,18
18AS8,Dima Hasao,Assam,18
18AS18,Goalpara,Assam,18
18AS5,Golaghat,Assam,18
18AS24,Hailakandi,Assam,18
18AS31,Hojai,Assam,18
18AS3,Jorhat,Assam,18
18AS1,Kamrup,Assam,18
18AS25,Kamrup,Assam,18
18AS9,Karbi Anglong,Assam,18
18AS10,Karimganj,Assam,18
18AS16,Kokrajhar,Assam,18
18AS7,Lakhimpur,Assam,18
18AS29,Majuli,Assam,18
18AS21,Morigaon,Assam,18
18AS2,Nagaon,Assam,18
18AS14,Nalbari,Assam,18
18AS4,Sivasagar,Assam,18
18AS12,Sonitpur,Assam,18
18AS34,South Salmara,Assam,18
18AS23,Tinsukia,Assam,18
18AS27,Udalguri,Assam,18
10BR38,Araria,Bihar,10
10BR56,Arawal,Bihar,10
10BR26,Aurangabad,Bihar,10
10BR51,Banka,Bihar,10
10BR9,Begusarai,Bihar,10
10BR22,Bettiah,Bihar,10
10BR45,Bhabhua,Bihar,10
10BR10,Bhagalpur,Bihar,10
10BR3,Bhojpur,Bihar,10
10BR44,Buxur,Bihar,10
10BR4,Chapara,Bihar,10
10BR7,Darbhanga,Bihar,10
10BR2,Gaya,Bihar,10
10BR28,Gopalganj,Bihar,10
10BR46,Jamui,Bihar,10
10BR25,Jehanabad,Bihar,10
10BR39,Katihar,Bihar,10
10BR34,Khagaria,Bihar,10
10BR37,Kishanganj,Bihar,10
10BR53,Lakhisarai,Bihar,10
10BR43,Madhepura,Bihar,10
10BR32,Madhubani,Bihar,10
10BR5,Motihari,Bihar,10
10BR8,Munger,Bihar,10
10BR6,Muzaffarpur,Bihar,10
10BR21,Nalanda,Bihar,10
10BR27,Nawada,Bihar,10
10BR1,Patna,Bihar,10
10BR11,Purnea,Bihar,10
10BR24,Rohtas,Bihar,10
10BR19,Saharsa,Bihar,10
10BR33,Samastipur,Bihar,10
10BR52,Sheikhpura,Bihar,10
10BR55,Sheohar,Bihar,10
10BR30,Sitamarhi,Bihar,10
10BR29,Siwan,Bihar,10
10BR50,Supaul,Bihar,10
10BR31,Vaishali,Bihar,10
4CH1,Chandigarh Ut,Chandigarh,4
22CG15,Ambikapur Rto,Chhattisgarh,22
22CG16,Baikunthpur Dto,Chhattisgarh,22
22CG24,Balod Dto,Chhattisgarh,22
22CG22,Baloda Bazar Dto,Chhattisgarh,22
22CG30,Balrampur Dto,Chhattisgarh,22
22CG25,Bemetara Dto,Chhattisgarh,22
22CG20,Bijapur Dto,Chhattisgarh,22
22CG10,Bilaspur Rto,Chhattisgarh,22
22CG18,Dantewada Dto,Chhattisgarh,22
22CG5,Dhamtari Dto,Chhattisgarh,22
22CG7,Durg Rto,Chhattisgarh,22
22CG23,Gariyaband Dto,Chhattisgarh,22
22CG31,Gaurela-Pendra-Marwahi Dto,Chhattisgarh,22
22CG17,Jagdalpur Rto,Chhattisgarh,22
22CG11,Janjgir Champa Dto,Chhattisgarh,22
22CG14,Jashpur Dto,Chhattisgarh,22
22CG19,Kanker Dto,Chhattisgarh,22
22CG9,Kawardha Dto,Chhattisgarh,22
22CG27,Kondagaon Dto,Chhattisgarh,22
22CG12,Korba Dto,Chhattisgarh,22
22CG6,Mahasamund Dto,Chhattisgarh,22
22CG28,Mungeli Dto,Chhattisgarh,22
22CG21,Narayanpur Dto,Chhattisgarh,22
22CG13,Raigarh Dto,Chhattisgarh,22
22CG4,Raipur Rto,Chhattisgarh,22
22CG8,Rajnandgaon Arto,Chhattisgarh,22
22CG26,Sukma Dto,Chhattisgarh,22
22CG29,Surajpur Dto,Chhattisgarh,22
7DL53,Burari Auto Unit,Delhi,7
7DL52,Burari Taxi Unit,Delhi,7
7DL9,Dwarka,Delhi,7
7DL2,I P Estate,Delhi,7
7DL4,Janakpuri,Delhi,7
7DL5,Loni Road,Delhi,7
7DL1,Mall Road,Delhi,7
7DL7,Mayur Vihar,Delhi,7
7DL10,Rajouri Garden,Delhi,7
7DL51,Rajpur Road-Viu Burari,Delhi,7
7DL11,Rohini,Delhi,7
7DL6,Sarai Kale Khan,Delhi,7
7DL3,South Delhi,Delhi,7
7DL13,Surajmal Vihar,Delhi,7
7DL12,Vasant Vihar,Delhi,7
7DL8,Wazirpur,Delhi,7
30GA4,Bicholim Rto,Goa,30
30GA10,Canacona Rto,Goa,30
30GA12,Dharbandora Rto,Goa,30
30GA3,Mapusa Rto,Goa,30
30GA8,Margao Rto,Goa,30
30GA7,Panaji Rto,Goa,30
30GA11,Pernem Rto,Goa,30
30GA5,Ponda Rto,Goa,30
30GA9,Quepem Rto,Goa,30
30GA6,Vasco Rto,Goa,30
24GJ30,Aahwa,Gujarat,24
24GJ38,"Ahmedabad , Bawla Arto",Gujarat,24
24GJ1,Ahmedabad,Gujarat,24
24GJ27,Ahmedabad East,Gujarat,24
24GJ14,Amreli,Gujarat,24
24GJ23,Anand,Gujarat,24
24GJ8,Banaskantha,Gujarat,24
24GJ19,Bardoli,Gujarat,24
24GJ16,Bharuch,Gujarat,24
24GJ4,Bhavnagar,Gujarat,24
24GJ33,Botad,Gujarat,24
24GJ34,Chhotaudaipur,Gujarat,24
24GJ20,Dahod,Gujarat,24
24GJ18,Gandhinagar,Gujarat,24
24GJ10,Jamnagar,Gujarat,24
24GJ11,Junagadh,Gujarat,24
24GJ12,Kachchh,Gujarat,24
24GJ39,Kachchh East,Gujarat,24
24GJ37,Khambhaliya,Gujarat,24
24GJ7,Kheda,Gujarat,24
24GJ35,Lunavada,Gujarat,24
24GJ2,Mehsana,Gujarat,24
24GJ31,Modasa,Gujarat,24
24GJ36,Morbi,Gujarat,24
24GJ22,Narmada,Gujarat,24
24GJ21,Navsari,Gujarat,24
24GJ17,Panchmahal,Gujarat,24
24GJ24,Patan,Gujarat,24
24GJ25,Porbandar,Gujarat,24
24GJ3,Rajkot,Gujarat,24
24GJ9,Sabarkantha,Gujarat,24
24GJ5,Surat,Gujarat,24
24GJ13,Surendranagar,Gujarat,24
24GJ26,Tapi,Gujarat,24
24GJ6,Vadodara,Gujarat,24
24GJ15,Valsad,Gujarat,24
24GJ32,Veraval,Gujarat,24
6HR1,Ambala City,Haryana,6
6HR40,Assandh,Haryana,6
6HR13,Bahadurgarh,Haryana,6
6HR29,Ballabgarh,Haryana,6
6HR54,Barara,Haryana,6
6HR81,Bawal,Haryana,6
6HR16,Bhiwani,Haryana,6
6HR19,Charkhi Dadri,Haryana,6
6HR25,Dabwali,Haryana,6
6HR44,Ellnabad,Haryana,6
6HR51,Faridabad,Haryana,6
6HR22,Fatehabad,Haryana,6
6HR28,Ferozepur Zirkha,Haryana,6
6HR42,Ganaur,Haryana,6
6HR11,Gohana,Haryana,6
6HR9,Gulha,Haryana,6
6HR72,Gurugram South,Haryana,6
6HR21,Hansi,Haryana,6
6HR70,Haryana Head Office Chd,Haryana,6
6HR52,Hathin,Haryana,6
6HR20,Hisar,Haryana,6
6HR50,Hodel,Haryana,6
6HR2,Jagadhari,Haryana,6
6HR14,Jhajhar,Haryana,6
6HR31,Jind,Haryana,6
6HR8,Kaithal,Haryana,6
6HR83,Kalayat,Haryana,6
6HR82,Kanina,Haryana,6
6HR5,Karnal,Haryana,6
6HR43,Kosli,Haryana,6
6HR97,Ladwa,Haryana,6
6HR18,Loharu,Haryana,6
6HR34,Mahendergarh,Haryana,6
6HR15,Meham,Haryana,6
6HR4,Naraingarh,Haryana,6
6HR35,Narnaul,Haryana,6
6HR32,Narwana,Haryana,6
6HR27,Nuh,Haryana,6
6HR30,Palwal,Haryana,6
6HR3,Panchkula,Haryana,6
6HR6,Panipat,Haryana,6
6HR76,Pataudi,Haryana,6
6HR41,Pehowa,Haryana,6
6HR99,"Ra,Panchkula",Haryana,6
6HR59,Ratia,Haryana,6
6HR36,Rewari,Haryana,6
6HR96,Rla Tauru,Haryana,6
6HR12,Rohtak,Haryana,6
6HR37,Rta Ambala,Haryana,6
6HR84,Rta Charki Dadri,Haryana,6
6HR61,"Rta, Bhiwani",Haryana,6
6HR38,"Rta, Faridabad",Haryana,6
6HR62,"Rta, Fatehabad",Haryana,6
6HR55,"Rta, Gurgaon",Haryana,6
6HR39,"Rta, Hisar",Haryana,6
6HR63,"Rta, Jhajjar At Bahadurgarh",Haryana,6
6HR56,"Rta, Jind",Haryana,6
6HR64,"Rta, Kaithal",Haryana,6
6HR45,"Rta, Karnal",Haryana,6
6HR65,"Rta, Kurukshetra",Haryana,6
6HR66,"Rta, Mohindergarh",Haryana,6
6HR74,"Rta, Nuh",Haryana,6
6HR73,"Rta, Palwal",Haryana,6
6HR68,"Rta, Panchkula",Haryana,6
6HR67,"Rta, Panipat",Haryana,6
6HR47,"Rta, Rewari",Haryana,6
6HR46,"Rta, Rohtak",Haryana,6
6HR57,"Rta, Sirsa",Haryana,6
6HR69,"Rta, Sonepat",Haryana,6
6HR58,"Rta, Ynr",Haryana,6
6HR33,Safidon,Haryana,6
6HR60,Samalkha,Haryana,6
6HR85,Sdm Ambala Cantonment,Haryana,6
6HR88,Sdm Badhra,Haryana,6
6HR87,Sdm Badkhal,Haryana,6
6HR89,Sdm Badli,Haryana,6
6HR98,Sdm Badshahpur,Haryana,6
6HR80,Sdm Barwala,Haryana,6
6HR77,Sdm Beri,Haryana,6
6HR71,Sdm Bilaspur,Haryana,6
6HR91,Sdm Gharaunda,Haryana,6
6HR26,Sdm Gurugram,Haryana,6
6HR75,Sdm Indiri,Haryana,6
6HR94,Sdm Kalanwali,Haryana,6
6HR79,Sdm Kharkhonda,Haryana,6
6HR86,Sdm Narnaund,Haryana,6
6HR49,Sdm Office Kalka,Haryana,6
6HR93,Sdm Punhana,Haryana,6
6HR92,Sdm Radaur,Haryana,6
6HR95,Sdm Sampla,Haryana,6
6HR78,Sdm Shahabad,Haryana,6
6HR90,Sdm Uchana,Haryana,6
6HR24,Sirsa,Haryana,6
6HR17,Siwani,Haryana,6
6HR10,Sonepat,Haryana,6
6HR7,Thanesar,Haryana,6
6HR23,Tohana,Haryana,6
6HR48,Tosham,Haryana,6
2HP19,Rla Amb,Himachal Pradesh,2
2HP35,Rla Ani,Himachal Pradesh,2
2HP11,Rla Arki,Himachal Pradesh,2
2HP53,Rla Baijnath,Himachal Pradesh,2
2HP82,Rla Balh,Himachal Pradesh,2
2HP123,Rla Balichowki,Himachal Pradesh,2
2HP78,Rla Bangana,Himachal Pradesh,2
2HP49,Rla Banjar,Himachal Pradesh,2
2HP21,Rla Barsar,Himachal Pradesh,2
2HP46,Rla Bharmour,Himachal Pradesh,2
2HP74,Rla Bhoranj,Himachal Pradesh,2
2HP24,Rla Bilaspur,Himachal Pradesh,2
2HP48,Rla Chamba,Himachal Pradesh,2
2HP8,Rla Chopal,Himachal Pradesh,2
2HP44,Rla Churah,Himachal Pradesh,2
2HP57,Rla Chuwari,Himachal Pradesh,2
2HP47,Rla Dalhousie,Himachal Pradesh,2
2HP36,Rla Dehra,Himachal Pradesh,2
2HP86,Rla Dharampur,Himachal Pradesh,2
2HP39,Rla Dharamshala,Himachal Pradesh,2
2HP96,Rla Dheera,Himachal Pradesh,2
2HP77,Rla Dodra Kawar,Himachal Pradesh,2
2HP88,Rla Fathepur,Himachal Pradesh,2
2HP101,Rla Gagret,Himachal Pradesh,2
2HP23,Rla Ghumarvi,Himachal Pradesh,2
2HP32,Rla Gohar,Himachal Pradesh,2
2HP22,Rla Hamirpur,Himachal Pradesh,2
2HP80,Rla Haroli,Himachal Pradesh,2
2HP97,Rla Indora,Himachal Pradesh,2
2HP56,Rla Jaisingpur,Himachal Pradesh,2
2HP83,Rla Jawalaji,Himachal Pradesh,2
2HP54,Rla Jawali,Himachal Pradesh,2
2HP89,Rla Jhandutta,Himachal Pradesh,2
2HP29,Rla Joginder Nagar,Himachal Pradesh,2
2HP75,Rla Jubbal,Himachal Pradesh,2
2HP125,Rla Kaffota,Himachal Pradesh,2
2HP25,Rla Kalpa,Himachal Pradesh,2
2HP13,Rla Kandaghat,Himachal Pradesh,2
2HP40,Rla Kangra,Himachal Pradesh,2
2HP30,Rla Karsog,Himachal Pradesh,2
2HP98,Rla Kasauli,Himachal Pradesh,2
2HP41,Rla Kaza,Himachal Pradesh,2
2HP42,Rla Kelang,Himachal Pradesh,2
2HP99,Rla Kotkhai,Himachal Pradesh,2
2HP102,Rla Kotli,Himachal Pradesh,2
2HP34,Rla Kulu,Himachal Pradesh,2
2HP95,Rla Kumarsain,Himachal Pradesh,2
2HP126,Rla Kupvi,Himachal Pradesh,2
2HP58,Rla Manali,Himachal Pradesh,2
2HP33,Rla Mandi,Himachal Pradesh,2
2HP55,Rla Nadaun,Himachal Pradesh,2
2HP94,Rla Nagrota Bagwan,Himachal Pradesh,2
2HP18,Rla Nahan,Himachal Pradesh,2
2HP12,Rla Nalagarh,Himachal Pradesh,2
2HP26,Rla Nichar,Himachal Pradesh,2
2HP124,Rla Nirmand,Himachal Pradesh,2
2HP38,Rla Nurpur,Himachal Pradesh,2
2HP100,Rla Pachhad,Himachal Pradesh,2
2HP76,Rla Paddhar,Himachal Pradesh,2
2HP37,Rla Palampur,Himachal Pradesh,2
2HP45,Rla Pangi,Himachal Pradesh,2
2HP17,Rla Paonta Sahib,Himachal Pradesh,2
2HP15,Rla Parwanoo,Himachal Pradesh,2
2HP27,Rla Pooh,Himachal Pradesh,2
2HP16,Rla Rajgarh,Himachal Pradesh,2
2HP6,Rla Rampur Bushar,Himachal Pradesh,2
2HP10,Rla Rohru,Himachal Pradesh,2
2HP81,Rla Salooni,Himachal Pradesh,2
2HP79,Rla Sangrah,Himachal Pradesh,2
2HP28,Rla Sarkaghat,Himachal Pradesh,2
2HP90,Rla Shahpur,Himachal Pradesh,2
2HP85,Rla Shillai,Himachal Pradesh,2
2HP3,Rla Shimla Hp-03-Hp-07,Himachal Pradesh,2
2HP51,Rla Shimla,Himachal Pradesh,2
2HP91,Rla Shri Naina Devi Ji Swarghat,Himachal Pradesh,2
2HP14,Rla Solan,Himachal Pradesh,2
2HP84,Rla Sujanpur,Himachal Pradesh,2
2HP31,Rla Sundarnagar,Himachal Pradesh,2
2HP9,Rla Theog,Himachal Pradesh,2
2HP87,Rla Thunag,Himachal Pradesh,2
2HP43,Rla Udaipur,Himachal Pradesh,2
2HP20,Rla Una,Himachal Pradesh,2
2HP93,Rto Baddi,Himachal Pradesh,2
2HP69,Rto Bilaspur,Himachal Pradesh,2
2HP73,Rto Chamba,Himachal Pradesh,2
2HP68,Rto Dharamshala,Himachal Pradesh,2
2HP67,Rto Hamirpur,Himachal Pradesh,2
2HP66,Rto Kullu,Himachal Pradesh,2
2HP65,Rto Mandi,Himachal Pradesh,2
2HP71,Rto Nahan,Himachal Pradesh,2
2HP92,Rto Rampur,Himachal Pradesh,2
2HP63,Rto Shimla,Himachal Pradesh,2
2HP64,Rto Solan,Himachal Pradesh,2
2HP72,Rto Una,Himachal Pradesh,2
2HP62,Sta Shimla,Himachal Pradesh,2
1JK3,Anantnag Arto,Jammu And Kashmir,1
1JK15,Bandipora Arto,Jammu And Kashmir,1
1JK5,Baramulla Arto,Jammu And Kashmir,1
1JK4,Budgam Arto,Jammu And Kashmir,1
1JK6,Doda Arto,Jammu And Kashmir,1
1JK16,Ganderbal Arto,Jammu And Kashmir,1
1JK2,Jammu Rto,Jammu And Kashmir,1
1JK8,Kathua Rto,Jammu And Kashmir,1
1JK17,Kishtwar Arto,Jammu And Kashmir,1
1JK18,Kulgam Arto,Jammu And Kashmir,1
1JK9,Kupwara Arto,Jammu And Kashmir,1
1JK12,Poonch Arto,Jammu And Kashmir,1
1JK13,Pulwama Arto,Jammu And Kashmir,1
1JK11,Rajouri Arto,Jammu And Kashmir,1
1JK19,Ramban Arto,Jammu And Kashmir,1
1JK20,Reasi Arto,Jammu And Kashmir,1
1JK21,Samba Arto,Jammu And Kashmir,1
1JK22,Shopian Arto,Jammu And Kashmir,1
1JK1,Srinagar Rto,Jammu And Kashmir,1
1JK14,Udhampur Arto,Jammu And Kashmir,1
20JH9,Bokaro,Jharkhand,20
20JH13,Chatra,Jharkhand,20
20JH15,Deoghar,Jharkhand,20
20JH10,Dhanbad,Jharkhand,20
20JH4,Dto Office Dumka,Jharkhand,20
20JH5,East Singhbhum,Jharkhand,20
20JH14,Garhwa,Jharkhand,20
20JH11,Giridih,Jharkhand,20
20JH17,Godda,Jharkhand,20
20JH7,Gumla,Jharkhand,20
20JH2,Hazaribag,Jharkhand,20
20JH21,Jamtara,Jharkhand,20
20JH23,Khunti,Jharkhand,20
20JH12,Koderma,Jharkhand,20
20JH19,Latehar,Jharkhand,20
20JH8,Lohardaga,Jharkhand,20
20JH16,Pakur,Jharkhand,20
20JH3,Palamu,Jharkhand,20
20JH24,Ramgarh,Jharkhand,20
20JH1,Ranchi,Jharkhand,20
20JH18,Sahebganj,Jharkhand,20
20JH22,Saraikela-Kharsawan,Jharkhand,20
20JH20,Simdega,Jharkhand,20
20JH6,West Singhbhum,Jharkhand,20
29KA71,Athani Arto,Karnataka,29
29KA29,Bagalkot  Rto,Karnataka,29
29KA24,Bailhongal  Rto,Karnataka,29
29KA70,Bantwala Arto,Karnataka,29
29KA56,Baswakalyan Rto,Karnataka,29
29KA34,Bellary  Rto,Karnataka,29
29KA1,Bengaluru Central  Rto,Karnataka,29
29KA3,Bengaluru East  Rto,Karnataka,29
29KA4,Bengaluru North  Rto,Karnataka,29
29KA5,Bengaluru South  Rto,Karnataka,29
29KA2,Bengaluru West  Rto,Karnataka,29
29KA39,Bhalki  Arto,Karnataka,29
29KA38,Bidar  Rto,Karnataka,29
29KA28,Bijapur  Rto,Karnataka,29
29KA10,Chamarajanagar  Rto,Karnataka,29
29KA59,"Chandapura, Bengaluru Rto",Karnataka,29
29KA40,Chickaballapur  Rto,Karnataka,29
29KA18,Chikamanglur Rto,Karnataka,29
29KA23,Chikkodi  Rto,Karnataka,29
29KA67,Chintamani Arto,Karnataka,29
29KA16,Chitradurga  Rto,Karnataka,29
29KA65,Dandeli Arto,Karnataka,29
29KA17,Davanagere  Rto,Karnataka,29
29KA43,Devanahalli  Arto,Karnataka,29
29KA63,Dharwad East Rto,Karnataka,29
29KA25,Dharwad West Rto,Karnataka,29
29KA51,Electronic City  Rto,Karnataka,29
29KA26,Gadag  Rto,Karnataka,29
29KA49,Gokak  Arto,Karnataka,29
29KA13,Hassan  Rto,Karnataka,29
29KA27,Haveri  Rto,Karnataka,29
29KA47,Honnavar  Arto,Karnataka,29
29KA35,Hospet  Rto,Karnataka,29
29KA45,Hunsur  Arto,Karnataka,29
29KA48,Jamkhandi  Arto,Karnataka,29
29KA41,Jnanabharathi  Rto,Karnataka,29
29KA8,K G F  Arto,Karnataka,29
29KA32,Kalaburagi  Rto,Karnataka,29
29KA30,Karwar  Rto,Karnataka,29
29KA7,Kolar  Rto,Karnataka,29
29KA37,Koppal  Rto,Karnataka,29
29KA53,Krishnarajapuram  Rto,Karnataka,29
29KA64,"Madhugiri, Tumakuru Arto",Karnataka,29
29KA12,Madikeri  Rto,Karnataka,29
29KA11,Mandya  Rto,Karnataka,29
29KA19,Mangalore  Rto,Karnataka,29
29KA55,Mysuru  East  Rto,Karnataka,29
29KA9,Mysuru West  Rto,Karnataka,29
29KA54,Nagamangala  Rto,Karnataka,29
29KA52,Nelamangala  Rto,Karnataka,29
29KA21,Puttur  Rto,Karnataka,29
29KA36,Raichur  Rto,Karnataka,29
29KA42,Ramanagar  Rto,Karnataka,29
29KA69,Ramdurga Arto,Karnataka,29
29KA68,Ranibennur Arto,Karnataka,29
29KA22,Regional Transport Office Belagavi,Karnataka,29
29KA15,Sagar  Arto,Karnataka,29
29KA46,Sakaleshpura  Arto,Karnataka,29
29KA14,Shimoga  Rto,Karnataka,29
29KA31,Sirsi  Rto,Karnataka,29
29KA57,"Stu And Autorikshaw,  Shanthinagar Rto",Karnataka,29
29KA66,"Tarikere, Chikkamagaluru Arto",Karnataka,29
29KA44,Tiptur  Arto,Karnataka,29
29KA6,Tumkur  Rto,Karnataka,29
29KA20,Udupi  Rto,Karnataka,29
29KA33,Yadgiri  Rto,Karnataka,29
29KA50,Yalahanka  Rto,Karnataka,29
32KL26,Adoor Srto,Kerala,32
32KL4,Alappuzha Rto,Kerala,32
32KL49,Alathur Srto,Kerala,32
32KL41,Aluva Srto,Kerala,32
32KL63,Angamali Srto,Kerala,32
32KL16,Attingal Rto,Kerala,32
32KL82,Chadayamangala Srto,Kerala,32
32KL64,Chalakkudy Srto,Kerala,32
32KL33,Changanacherry Srto,Kerala,32
32KL30,Chengannur Srto,Kerala,32
32KL32,Cherthala Srto,Kerala,32
32KL70,Chittur Srto,Kerala,32
32KL68,Devikulam Srto,Kerala,32
32KL7,Ernakulam Rto,Kerala,32
32KL46,Guruvayur Srto,Kerala,32
32KL6,Idukki Rto,Kerala,32
32KL45,Irinjalakuda Srto,Kerala,32
32KL78,Iritty Srto,Kerala,32
32KL60,Kanhangad Srto,Kerala,32
32KL34,Kanjirappally Srto,Kerala,32
32KL13,Kannur Rto,Kerala,32
32KL23,Karunagappally Srto,Kerala,32
32KL14,Kasargode Rto,Kerala,32
32KL74,Kattakada Srto,Kerala,32
32KL29,Kayamkulam Srto,Kerala,32
32KL22,Kazhakuttom Srto,Kerala,32
32KL47,Kodungallur Srto,Kerala,32
32KL57,Koduvally Srto,Kerala,32
32KL56,Koilandy Srto,Kerala,32
32KL2,Kollam Rto,Kerala,32
32KL84,Kondotty Srto,Kerala,32
32KL83,Konni Srto,Kerala,32
32KL44,Kothamangalam Srto,Kerala,32
32KL24,Kottarakkara Srto,Kerala,32
32KL5,Kottayam Rto,Kerala,32
32KL11,Kozhikode Rto,Kerala,32
32KL61,Kunnathur Srto,Kerala,32
32KL66,Kuttanadu Srto,Kerala,32
32KL10,Malappuram Rto,Kerala,32
32KL28,Mallappally Srto,Kerala,32
32KL72,Mananthavady Srto,Kerala,32
32KL50,Mannarghat Srto,Kerala,32
32KL43,Mattancherry Srto,Kerala,32
32KL31,Mavelikkara Srto,Kerala,32
32KL17,Muvattupuzha Rto,Kerala,32
32KL76,Nanmanda Srto,Kerala,32
32KL15,Nationalised Sector Rto,Kerala,32
32KL21,Nedumangadu Srto,Kerala,32
32KL20,Neyyattinkara Srto,Kerala,32
32KL71,Nilambur Srto,Kerala,32
32KL42,North Parur Srto,Kerala,32
32KL51,Ottappalam Srto,Kerala,32
32KL35,Palai Srto,Kerala,32
32KL9,Palakkad Rto,Kerala,32
32KL19,Parassala Srto,Kerala,32
32KL3,Pathanamthitta Rto,Kerala,32
32KL80,Pathanapuram Srto,Kerala,32
32KL52,Pattambi Srto,Kerala,32
32KL86,Payyannur Srto,Kerala,32
32KL77,Perambra Srto,Kerala,32
32KL53,Perinthalmanna Srto,Kerala,32
32KL40,Perumbavur Srto,Kerala,32
32KL54,Ponnani Srto,Kerala,32
32KL25,Punalur Srto,Kerala,32
32KL85,Ramanattukara  Srto,Kerala,32
32KL62,Ranni Srto,Kerala,32
32KL73,Sulthanbathery Srto,Kerala,32
32KL58,Thalassery Srto,Kerala,32
32KL59,Thaliparamba Srto,Kerala,32
32KL55,Thirur Srto,Kerala,32
32KL65,Thirurangadi Srto,Kerala,32
32KL27,Thiruvalla Srto,Kerala,32
32KL38,Thodupuzha Srto,Kerala,32
32KL75,Thriprayar Srto,Kerala,32
32KL8,Thrissur Rto,Kerala,32
32KL39,Tripunithura Srto,Kerala,32
32KL1,Trivandrum Rto,Kerala,32
32KL69,Udumbanchola Srto,Kerala,32
32KL67,Uzhavoor Srto,Kerala,32
32KL18,Vadakara Rto,Kerala,32
32KL36,Vaikom Srto,Kerala,32
32KL37,Vandiperiyar Srto,Kerala,32
32KL81,Varkala Srto,Kerala,32
32KL79,Vellarikundu Srto,Kerala,32
32KL48,Wadakkancherry Srto,Kerala,32
32KL12,Wayanad Rto,Kerala,32
37LA1,Kargil Arto,Ladakh,37
37LA2,Leh Arto,Ladakh,37
23MP70,Agar Malwa Rto,Madhya Pradesh,23
23MP69,Alirajpur Dto,Madhya Pradesh,23
23MP65,Anuppur Dto,Madhya Pradesh,23
23MP67,Ashoknagar Dto,Madhya Pradesh,23
23MP46,Badwani Dto,Madhya Pradesh,23
23MP50,Balaghat Dto,Madhya Pradesh,23
23MP48,Betul Dto,Madhya Pradesh,23
23MP30,Bhind Dto,Madhya Pradesh,23
23MP4,Bhopal Rto,Madhya Pradesh,23
23MP68,Burhanpur Dto,Madhya Pradesh,23
23MP16,Chattarpur  Arto,Madhya Pradesh,23
23MP28,Chhindwara Arto,Madhya Pradesh,23
23MP34,Damoh Dto,Madhya Pradesh,23
23MP32,Datia Dto,Madhya Pradesh,23
23MP41,Dewas Dto,Madhya Pradesh,23
23MP11,Dhar Arto,Madhya Pradesh,23
23MP52,Dindori Dto,Madhya Pradesh,23
23MP8,Guna Dto,Madhya Pradesh,23
23MP7,Gwalior Rto,Madhya Pradesh,23
23MP47,Harda Dto,Madhya Pradesh,23
23MP5,Hosangabad Dto,Madhya Pradesh,23
23MP9,Indore Rto,Madhya Pradesh,23
23MP20,Jabalpur Rto,Madhya Pradesh,23
23MP45,Jhabua Dto,Madhya Pradesh,23
23MP21,Katni Arto,Madhya Pradesh,23
23MP12,Khandwa Arto,Madhya Pradesh,23
23MP10,Khargone Arto,Madhya Pradesh,23
23MP51,Mandla Dto,Madhya Pradesh,23
23MP14,Mandsaur Arto,Madhya Pradesh,23
23MP6,Morena Dto,Madhya Pradesh,23
23MP49,Narsinghpur Dto,Madhya Pradesh,23
23MP44,Neemuch Dto,Madhya Pradesh,23
23MP71,Niwari Dto,Madhya Pradesh,23
23MP35,Panna Dto,Madhya Pradesh,23
23MP38,Raisen Dto,Madhya Pradesh,23
23MP39,Rajgarh Dto,Madhya Pradesh,23
23MP43,Ratlam Dto,Madhya Pradesh,23
23MP17,Rewa Rto,Madhya Pradesh,23
23MP15,Sagar Rto,Madhya Pradesh,23
23MP19,Satna Arto,Madhya Pradesh,23
23MP37,Sehore Dto,Madhya Pradesh,23
23MP22,Seoni Arto,Madhya Pradesh,23
23MP18,Shahdol Rto,Madhya Pradesh,23
23MP42,Shajapur Dto,Madhya Pradesh,23
23MP31,Sheopur Dto,Madhya Pradesh,23
23MP33,Shivpuri Dto,Madhya Pradesh,23
23MP53,Sidhi Dto,Madhya Pradesh,23
23MP66,Singroli Dto,Madhya Pradesh,23
23MP36,Tikamgarh Dto,Madhya Pradesh,23
23MP13,Ujjain Rto,Madhya Pradesh,23
23MP54,Umaria Dto,Madhya Pradesh,23
23MP40,Vidisha Dto,Madhya Pradesh,23
27MH16,Ahemednagar,Maharashtra,27
27MH45,Akluj,Maharashtra,27
27MH30,Akola,Maharashtra,27
27MH44,Ambejogai,Maharashtra,27
27MH27,Amrawati,Maharashtra,27
27MH42,Baramati,Maharashtra,27
27MH23,Beed,Maharashtra,27
27MH54,Bhadgaon,Maharashtra,27
27MH36,Bhandara,Maharashtra,27
27MH28,Buldhana,Maharashtra,27
27MH52,Chalisgaon,Maharashtra,27
27MH34,Chandrapur,Maharashtra,27
27MH20,Chhatrapati Sambhajinagar,Maharashtra,27
27MH25,Dharashiv,Maharashtra,27
27MH18,Dhule,Maharashtra,27
27MH38,"Dy Regional Transport Office, Hingoli",Maharashtra,27
27MH14,Dy Rto Pimpri Chinchwad,Maharashtra,27
27MH8,Dy Rto Ratnagiri,Maharashtra,27
27MH47,Dy.R.T.O.Borivali,Maharashtra,27
27MH33,Gadchiroli,Maharashtra,27
27MH35,Gondhia,Maharashtra,27
27MH51,Ichalkaranji,Maharashtra,27
27MH21,Jalana,Maharashtra,27
27MH19,Jalgaon,Maharashtra,27
27MH5,Kalyan,Maharashtra,27
27MH50,Karad,Maharashtra,27
27MH9,Kolhapur,Maharashtra,27
27MH24,Latur,Maharashtra,27
27MH41,Malegaon,Maharashtra,27
27MH1,Mumbai,Maharashtra,27
27MH3,Mumbai,Maharashtra,27
27MH2,Mumbai,Maharashtra,27
27MH49,Nagpur,Maharashtra,27
27MH40,Nagpur,Maharashtra,27
27MH31,Nagpur,Maharashtra,27
27MH26,Nanded,Maharashtra,27
27MH39,Nandurbar,Maharashtra,27
27MH15,Nashik,Maharashtra,27
27MH46,Panvel,Maharashtra,27
27MH22,Parbhani,Maharashtra,27
27MH6,Pen,Maharashtra,27
27MH12,Pune,Maharashtra,27
27MH10,Sangli,Maharashtra,27
27MH11,Satara,Maharashtra,27
27MH7,Sindhudurg,Maharashtra,27
27MH13,Solapur,Maharashtra,27
27MH17,Srirampur,Maharashtra,27
27MH4,Thane,Maharashtra,27
27MH48,Vasai,Maharashtra,27
27MH43,Vashi,Maharashtra,27
27MH32,Wardha,Maharashtra,27
27MH37,Washim,Maharashtra,27
27MH29,Yawatmal,Maharashtra,27
14MN5,Bishnupur,Manipur,14
14MN9,Chandel,Manipur,14
14MN2,Churachandpur,Manipur,14
14MN11,"District Transport Office, Tengnoupal",Manipur,14
14MN6,Imphal East,Manipur,14
14MN1,Imphal West,Manipur,14
14MN3,Kangpokpi,Manipur,14
14MN8,Senapati,Manipur,14
14MN10,Tamenglong,Manipur,14
14MN4,Thoubal,Manipur,14
14MN7,Ukhrul,Manipur,14
17ML14,Ampati,Meghalaya,17
17ML9,Baghmara,Meghalaya,17
17ML4,Jowai,Meghalaya,17
17ML11,Khliehriat,Meghalaya,17
17ML15,Mairang,Meghalaya,17
17ML12,Mawkyrwat,Meghalaya,17
17ML10,Nongpoh,Meghalaya,17
17ML6,Nongstoin,Meghalaya,17
17ML13,Resubelpara,Meghalaya,17
17ML5,Shillong,Meghalaya,17
17ML8,Tura,Meghalaya,17
17ML7,Williamnagar,Meghalaya,17
15MZ1,Aizawl Dto,Mizoram,15
15MZ4,Champhai,Mizoram,15
15MZ5,Kolasib,Mizoram,15
15MZ7,Lawngtlai,Mizoram,15
15MZ2,Lunglei,Mizoram,15
15MZ8,Mamit,Mizoram,15
15MZ3,Saiha,Mizoram,15
15MZ6,Serchhip,Mizoram,15
13NL7,Dimapur Dto,Nagaland,13
13NL1,Kohima Rto,Nagaland,13
13NL2,Mokokchung Rto,Nagaland,13
13NL4,Mon Dto,Nagaland,13
13NL8,Phek Dto,Nagaland,13
13NL3,Tuensang Dto,Nagaland,13
13NL5,Wokha Dto,Nagaland,13
13NL6,Zunheboto Dto,Nagaland,13
21OR19,Angul Rto,Odisha,21
21OR901,Arto Barbil,Odisha,21
21OR1,Balasore Rto,Odisha,21
21OR17,Bargarh Rto,Odisha,21
21OR22,Bhadrak Rto,Odisha,21
21OR32,Bhanjanagar Rto,Odisha,21
21OR2,Bhubaneswar Rto,Odisha,21
21OR33,Bhubaneswar-Ii Rto,Odisha,21
21OR3,Bolangir Rto,Odisha,21
21OR27,Boudh Rto,Odisha,21
21OR4,Chandikhole Rto,Odisha,21
21OR5,Cuttack Rto,Odisha,21
21OR28,Deogarh Rto,Odisha,21
21OR6,Dhenkanal Rto,Odisha,21
21OR20,Gajapati Rto,Odisha,21
21OR7,Ganjam Rto,Odisha,21
21OR21,Jagatsinghpur Rto,Odisha,21
21OR34,Jajpur Rto,Odisha,21
21OR23,Jharsuguda Rto,Odisha,21
21OR8,Kalahandi Rto,Odisha,21
21OR29,Kendrapara Rto,Odisha,21
21OR9,Keonjhar Rto,Odisha,21
21OR201,Khordha Arto,Odisha,21
21OR10,Koraput Rto,Odisha,21
21OR30,Malkanagiri Rto,Odisha,21
21OR11,Mayurbhanj Rto,Odisha,21
21OR24,Nawarangpur Rto,Odisha,21
21OR25,Nayagarh Rto,Odisha,21
21OR26,Nuapada Rto,Odisha,21
21OR12,Phulbani Rto,Odisha,21
21OR13,Puri Rto,Odisha,21
21OR111,Rairangpur Arto,Odisha,21
21OR18,Raygada Rto,Odisha,21
21OR14,Rourkela Rto,Odisha,21
21OR15,Sambalpur Rto,Odisha,21
21OR31,Sonepur Rto,Odisha,21
21OR16,Sundergarh Rto,Odisha,21
21OR35,Talcher Rto,Odisha,21
34PY11,Bahour,Puducherry,34
34PY2,Karaikal,Puducherry,34
34PY3,Mahe,Puducherry,34
34PY5,Oulgaret,Puducherry,34
34PY1,Puducherry,Puducherry,34
34PY51,Villianur,Puducherry,34
34PY4,Yanam,Puducherry,34
3PB1,Punjab Sta-,Punjab,3
3PB2,Rto Amritsar,Punjab,3
3PB19,Rto Barnala,Punjab,3
3PB3,Rto Bathinda,Punjab,3
3PB4,Rto Faridkot,Punjab,3
3PB23,Rto Fatehgarh Sahib,Punjab,3
3PB22,Rto Fazilka,Punjab,3
3PB5,Rto Ferozpur,Punjab,3
3PB6,Rto Gurdaspur,Punjab,3
3PB7,Rto Hoshiarpur,Punjab,3
3PB8,Rto Jalandhar,Punjab,3
3PB9,Rto Kapurthala,Punjab,3
3PB10,Rto Ludhiana,Punjab,3
3PB28,Rto Malerkotla,Punjab,3
3PB31,Rto Mansa,Punjab,3
3PB29,Rto Moga,Punjab,3
3PB30,Rto Muktsar Sahib,Punjab,3
3PB35,Rto Pathankot,Punjab,3
3PB11,Rto Patiala,Punjab,3
3PB12,Rto Ropar,Punjab,3
3PB65,Rto Sahibzada Ajit Singh Nagar,Punjab,3
3PB13,Rto Sangrur,Punjab,3
3PB32,Rto Sbs Nagar,Punjab,3
3PB46,Rto Tarn Taran,Punjab,3
3PB15,Sdm Abohar,Punjab,3
3PB82,Sdm Ahmedgarh,Punjab,3
3PB14,Sdm Ajnala,Punjab,3
3PB92,Sdm Amargarh,Punjab,3
3PB48,Sdm Amloh,Punjab,3
3PB89,Sdm Amritsar-2,Punjab,3
3PB16,Sdm Anandpur Sahib,Punjab,3
3PB17,Sdm Baba Bakala,Punjab,3
3PB69,Sdm Bagha Purana,Punjab,3
3PB20,Sdm Balachaur,Punjab,3
3PB78,Sdm Banga,Punjab,3
3PB52,Sdm Bassi Pathana,Punjab,3
3PB18,Sdm Batala,Punjab,3
3PB84,Sdm Bhawnigarh,Punjab,3
3PB88,Sdm Bhikhiwind,Punjab,3
3PB57,Sdm Bholath,Punjab,3
3PB50,Sdm Budhlada,Punjab,3
3PB71,Sdm Chamkaur Sahib,Punjab,3
3PB21,Sdm Dasuya,Punjab,3
3PB58,Sdm Dera Baba Nanak,Punjab,3
3PB70,Sdm Dera Bassi,Punjab,3
3PB68,Sdm Dhar Kalan,Punjab,3
3PB76,Sdm Dharamkot,Punjab,3
3PB59,Sdm Dhuri,Punjab,3
3PB99,Sdm Dinanagar,Punjab,3
3PB86,Sdm Dirba,Punjab,3
3PB83,Sdm Dudhan Sadhan,Punjab,3
3PB24,Sdm Garshankar,Punjab,3
3PB60,Sdm Giddarbaha,Punjab,3
3PB77,Sdm Guru Har Sahai,Punjab,3
3PB25,Sdm Jagraon,Punjab,3
3PB62,Sdm Jaito,Punjab,3
3PB61,Sdm Jalalabad,Punjab,3
3PB90,Sdm Jalandhar-11,Punjab,3
3PB85,Sdm Kalanaur,Punjab,3
3PB63,Sdm Khadur Sahib,Punjab,3
3PB49,Sdm Khamano,Punjab,3
3PB26,Sdm Khanna,Punjab,3
3PB27,Sdm Kharar,Punjab,3
3PB79,Sdm Kotkapura,Punjab,3
3PB75,Sdm Lehragaga,Punjab,3
3PB93,Sdm Lopoke,Punjab,3
3PB91,Sdm Ludhiana East,Punjab,3
3PB81,Sdm Majitha,Punjab,3
3PB53,Sdm Malout,Punjab,3
3PB80,Sdm Maur Mandi,Punjab,3
3PB64,Sdm Moonak,Punjab,3
3PB87,Sdm Morinda,Punjab,3
3PB54,Sdm Mukerian,Punjab,3
3PB34,Sdm Nabha,Punjab,3
3PB33,Sdm Nakodar,Punjab,3
3PB74,Sdm Nangal,Punjab,3
3PB66,Sdm Nihal Singh Wala,Punjab,3
3PB72,Sdm Patran,Punjab,3
3PB38,Sdm Patti,Punjab,3
3PB55,Sdm Payal,Punjab,3
3PB36,Sdm Phagwara,Punjab,3
3PB37,Sdm Phillour,Punjab,3
3PB56,Sdm Raikot,Punjab,3
3PB39,Sdm Rajpura,Punjab,3
3PB40,Sdm Rampura Phul,Punjab,3
3PB42,Sdm Samana,Punjab,3
3PB43,Sdm Samrala,Punjab,3
3PB51,Sdm Sardulgarh,Punjab,3
3PB67,Sdm Shahkot,Punjab,3
3PB41,Sdm Sultanpur Lodhi,Punjab,3
3PB44,Sdm Sunam,Punjab,3
3PB45,Sdm Talwandi Sabo,Punjab,3
3PB73,Sdm Tapa,Punjab,3
3PB47,Sdm Zira,Punjab,3
8RJ38,Abu Road Dto,Rajasthan,8
8RJ1,Ajmer Rto,Rajasthan,8
8RJ2,Alwar Rto,Rajasthan,8
8RJ39,Balotra Dto,Rajasthan,8
8RJ3,Banswara Dto,Rajasthan,8
8RJ28,Baran Dto,Rajasthan,8
8RJ4,Barmer Dto,Rajasthan,8
8RJ36,Beawar Dto,Rajasthan,8
8RJ5,Bharatpur Rto,Rajasthan,8
8RJ6,Bhilwara Dto,Rajasthan,8
8RJ46,Bhinmal Dto,Rajasthan,8
8RJ40,Bhiwari Dto,Rajasthan,8
8RJ7,Bikaner Rto,Rajasthan,8
8RJ8,Bundi Dto,Rajasthan,8
8RJ9,Chittorgarh Rto,Rajasthan,8
8RJ41,Chomu Dto,Rajasthan,8
8RJ10,Churu Dto,Rajasthan,8
8RJ29,Dausa Rto,Rajasthan,8
8RJ11,Dholpur Dto,Rajasthan,8
8RJ37,Didwana Dto,Rajasthan,8
8RJ47,Dudu Dto,Rajasthan,8
8RJ12,Dungarpur Dto,Rajasthan,8
8RJ31,Hanumangarh Dto,Rajasthan,8
8RJ141,"Jagatpura, Jaipur Arto",Rajasthan,8
8RJ14,Jaipur  Rto,Rajasthan,8
8RJ59,Jaipur  Rto,Rajasthan,8
8RJ15,Jaisalmer Dto,Rajasthan,8
8RJ16,Jalore Dto,Rajasthan,8
8RJ17,Jhalawar Dto,Rajasthan,8
8RJ18,Jhunjhunu Dto,Rajasthan,8
8RJ19,Jodhpur Rto,Rajasthan,8
8RJ34,Karoli Dto,Rajasthan,8
8RJ48,Kekri Dto,Rajasthan,8
8RJ53,Khetri Dto,Rajasthan,8
8RJ42,Kishangarh Dto,Rajasthan,8
8RJ20,Kota Rto,Rajasthan,8
8RJ32,Kotputali Dto,Rajasthan,8
8RJ21,Nagaur Dto,Rajasthan,8
8RJ49,Nohar Dto,Rajasthan,8
8RJ50,Nokha Dto,Rajasthan,8
8RJ22,Pali Rto,Rajasthan,8
8RJ43,Phalodi Dto,Rajasthan,8
8RJ54,Pipar City Dto,Rajasthan,8
8RJ55,Pokhran Dto,Rajasthan,8
8RJ35,Pratapgarh Dto,Rajasthan,8
8RJ30,Rajsamand Dto,Rajasthan,8
8RJ33,Ramganjmandi Dto,Rajasthan,8
8RJ56,Sadulshahar Dto,Rajasthan,8
8RJ51,Sahapura  Dto,Rajasthan,8
8RJ52,Sahapura  Dto,Rajasthan,8
8RJ58,Salumbar Dto,Rajasthan,8
8RJ25,Sawai Madhopur Dto,Rajasthan,8
8RJ23,Sikar Rto,Rajasthan,8
8RJ24,Sirohi Dto,Rajasthan,8
8RJ13,Sri Ganganagar Dto,Rajasthan,8
8RJ44,Sujangarh Dto,Rajasthan,8
8RJ57,Sumerpur Dto,Rajasthan,8
8RJ26,Tonk Dto,Rajasthan,8
8RJ27,Udaipur Rto,Rajasthan,8
11SK2,Gyalsing,Sikkim,11
11SK4,Jorethang,Sikkim,11
11SK3,Mangan,Sikkim,11
11SK5,Namchi,Sikkim,11
11SK7,Pakyong,Sikkim,11
11SK1,Rto Gangtok,Sikkim,11
11SK8,"Singtam, East Sikkim",Sikkim,11
11SK6,Soreng,Sikkim,11
33TN641,Alangudi Uo,Tamil Nadu,33
33TN644,Alangulam Uo,Tamil Nadu,33
33TN611,Ambasamuthiram Uo,Tamil Nadu,33
33TN612,Ambattur Rto,Tamil Nadu,33
33TN628,Ambur Uo,Tamil Nadu,33
33TN609,Arakkonam Uo,Tamil Nadu,33
33TN516,Arani Rto,Tamil Nadu,33
33TN592,Aranthangi Uo,Tamil Nadu,33
33TN632,Aravakurichi Uo,Tamil Nadu,33
33TN61,Ariyalur Rto,Tamil Nadu,33
33TN622,Aruppukottai Uo,Tamil Nadu,33
33TN591,Attur Rto,Tamil Nadu,33
33TN580,Avinashi Uo,Tamil Nadu,33
33TN596,Batlagundu Uo,Tamil Nadu,33
33TN578,Bhavani Uo,Tamil Nadu,33
33TN19,Chengalpattu Rto,Tamil Nadu,33
33TN1,Chennai  Rto,Tamil Nadu,33
33TN4,Chennai  Rto,Tamil Nadu,33
33TN5,Chennai  Rto,Tamil Nadu,33
33TN3,Chennai  Rto,Tamil Nadu,33
33TN7,Chennai  Rto,Tamil Nadu,33
33TN6,Chennai  Rto,Tamil Nadu,33
33TN10,Chennai  Rto,Tamil Nadu,33
33TN9,Chennai  Rto,Tamil Nadu,33
33TN635,Cheyyar Uo,Tamil Nadu,33
33TN544,Chidambaram Rto,Tamil Nadu,33
33TN66,Coimbatore  Rto,Tamil Nadu,33
33TN38,Coimbatore  Rto,Tamil Nadu,33
33TN37,Coimbatore  Rto,Tamil Nadu,33
33TN99,Coimbatore  Rto,Tamil Nadu,33
33TN31,Cuddalore Rto,Tamil Nadu,33
33TN594,Dharapuram Rto,Tamil Nadu,33
33TN29,Dharmapuri Rto,Tamil Nadu,33
33TN57,Dindigul Rto,Tamil Nadu,33
33TN86,Erode  Rto,Tamil Nadu,33
33TN33,Erode Rto,Tamil Nadu,33
33TN627,Gingee Uo,Tamil Nadu,33
33TN36,Gopichettipalayam Rto,Tamil Nadu,33
33TN582,Gudalore Uo,Tamil Nadu,33
33TN514,Gudiyatham Uo,Tamil Nadu,33
33TN625,Gummidipoondi Uo,Tamil Nadu,33
33TN527,Harur Uo,Tamil Nadu,33
33TN70,Hosur Rto,Tamil Nadu,33
33TN629,Illuppur Uo,Tamil Nadu,33
33TN615,Kallakurichi Rto,Tamil Nadu,33
33TN21,Kancheepuram Rto,Tamil Nadu,33
33TN593,Kangeyam Uo,Tamil Nadu,33
33TN602,Karaikudi Uo,Tamil Nadu,33
33TN47,Karur Rto,Tamil Nadu,33
33TN607,Kovilpatti Rto,Tamil Nadu,33
33TN24,Krishnagiri Rto,Tamil Nadu,33
33TN585,Kulithali Uo,Tamil Nadu,33
33TN638,Kumarapalayam Rto,Tamil Nadu,33
33TN68,Kumbakonam Rto,Tamil Nadu,33
33TN85,Kundrathur Rto,Tamil Nadu,33
33TN631,Lalkudi Uo,Tamil Nadu,33
33TN64,Madurai  Rto,Tamil Nadu,33
33TN59,Madurai  Rto,Tamil Nadu,33
33TN58,Madurai  Rto,Tamil Nadu,33
33TN508,Madurantagam Uo,Tamil Nadu,33
33TN584,Manaparai Uo,Tamil Nadu,33
33TN637,Manmangalam Uo,Tamil Nadu,33
33TN588,Mannargudi Uo,Tamil Nadu,33
33TN75,Marthandam Rto,Tamil Nadu,33
33TN589,Mayiladuthurai Rto,Tamil Nadu,33
33TN22,Meenambakkam Rto,Tamil Nadu,33
33TN600,Melur Uo,Tamil Nadu,33
33TN40,Mettupalayam Rto,Tamil Nadu,33
33TN590,Mettur Rto,Tamil Nadu,33
33TN621,Musuri Uo,Tamil Nadu,33
33TN51,Nagapattinam Rto,Tamil Nadu,33
33TN74,Nagercoil Rto,Tamil Nadu,33
33TN28,Namakkal  Rto,Tamil Nadu,33
33TN88,Namakkal  Rto,Tamil Nadu,33
33TN640,Natham Uo,Tamil Nadu,33
33TN562,Neyveli Uo,Tamil Nadu,33
33TN595,Oddanchatram  Uo,Tamil Nadu,33
33TN535,Omalure Uo,Tamil Nadu,33
33TN43,Ooty Rto,Tamil Nadu,33
33TN616,Palacode Uo,Tamil Nadu,33
33TN597,Palani Rto,Tamil Nadu,33
33TN626,Panruti Uo,Tamil Nadu,33
33TN603,Paramakudi Uo,Tamil Nadu,33
33TN517,Paramathi Vellure Uo,Tamil Nadu,33
33TN587,Pattukottai Unit Office,Tamil Nadu,33
33TN46,Perambalur Rto,Tamil Nadu,33
33TN56,Perundurai Rto,Tamil Nadu,33
33TN41,Pollachi Rto,Tamil Nadu,33
33TN511,Poonamallee Rto,Tamil Nadu,33
33TN55,Pudukottai Rto,Tamil Nadu,33
33TN643,Rajapalayam Uo,Tamil Nadu,33
33TN65,Ramanathapuram Rto,Tamil Nadu,33
33TN73,Ranipet Rto,Tamil Nadu,33
33TN526,Rasipuram Uo,Tamil Nadu,33
33TN18,Redhills Rto,Tamil Nadu,33
33TN2,Rto Chennai,Tamil Nadu,33
33TN54,Salem  Rto,Tamil Nadu,33
33TN90,Salem  Rto,Tamil Nadu,33
33TN30,Salem  Rto,Tamil Nadu,33
33TN52,Sankagiri Rto,Tamil Nadu,33
33TN610,Sankarankovil Rto,Tamil Nadu,33
33TN579,Sathyamangalam Uo,Tamil Nadu,33
33TN512,Sholinganallur Rto,Tamil Nadu,33
33TN623,Sirkali Uo,Tamil Nadu,33
33TN63,Sivagangai Rto,Tamil Nadu,33
33TN604,Sivakasi Rto,Tamil Nadu,33
33TN614,Sriperumbudur Rto,Tamil Nadu,33
33TN48,Srirangam Rto,Tamil Nadu,33
33TN605,Srivilliputhur Rto,Tamil Nadu,33
33TN999,State Transport Authority,Tamil Nadu,33
33TN620,Sulur Uo,Tamil Nadu,33
33TN513,Tambaram Rto,Tamil Nadu,33
33TN76,Tenkasi Rto,Tamil Nadu,33
33TN49,Thanjavur Rto,Tamil Nadu,33
33TN60,Theni Rto,Tamil Nadu,33
33TN606,Thiruchendur Rto,Tamil Nadu,33
33TN639,Thirukalukuntram Uo,Tamil Nadu,33
33TN598,Thirumangalam  Uo,Tamil Nadu,33
33TN624,Thirupattur Rto,Tamil Nadu,33
33TN634,Thiruthani Uo,Tamil Nadu,33
33TN630,Thiruthuraipoondi Uo,Tamil Nadu,33
33TN69,Thoothukudi Rto,Tamil Nadu,33
33TN586,Thuraiyur Uo,Tamil Nadu,33
33TN571,Tindivanam Rto,Tamil Nadu,33
33TN34,Tiruchengode Rto,Tamil Nadu,33
33TN45,Tiruchi Rto,Tamil Nadu,33
33TN81,Tiruchi Rto,Tamil Nadu,33
33TN72,Tirunelveli Rto,Tamil Nadu,33
33TN39,Tiruppur  Rto,Tamil Nadu,33
33TN42,Tiruppur  Rto,Tamil Nadu,33
33TN20,Tiruvallur Rto,Tamil Nadu,33
33TN25,Tiruvannamalai Rto,Tamil Nadu,33
33TN50,Tiruvarur Rto,Tamil Nadu,33
33TN583,Tiruveranbur Uo,Tamil Nadu,33
33TN581,Udumalpet Rto,Tamil Nadu,33
33TN577,Ulundurpet Rto,Tamil Nadu,33
33TN636,Usilampatti Uo,Tamil Nadu,33
33TN601,Uthamapalayam Uo,Tamil Nadu,33
33TN599,Vadipatti Uo,Tamil Nadu,33
33TN613,Valappadi Uo,Tamil Nadu,33
33TN608,Valliyur Uo,Tamil Nadu,33
33TN633,Valparai Uo,Tamil Nadu,33
33TN515,Vaniyambadi Rto,Tamil Nadu,33
33TN617,Vedachandur Uo,Tamil Nadu,33
33TN23,Vellore Rto,Tamil Nadu,33
33TN32,Viluppuram Rto,Tamil Nadu,33
33TN553,Virudhachalam Uo,Tamil Nadu,33
33TN67,Virudhunagar Rto,Tamil Nadu,33
16TR4,Dhalai Dto,Tripura,16
16TR3,Gomati Dto,Tripura,16
16TR6,Khowai Dto,Tripura,16
16TR5,North Tripura Dto,Tripura,16
16TR7,Sepahijala Dto,Tripura,16
16TR8,South Tripura Dto,Tripura,16
16TR2,Unakoti Dto,Tripura,16
16TR1,West Tripura Jtc,Tripura,16
38DD3,Daman,The Dadra And Nagar Haveli And Daman And Diu,38
38DD2,Diu,The Dadra And Nagar Haveli And Daman And Diu,38
38DD1,Silvassa,The Dadra And Nagar Haveli And Daman And Diu,38
9UP80,Agra Rto,Uttar Pradesh,9
9UP45,Akbarpur,Uttar Pradesh,9
9UP81,Aligarh Rto,Uttar Pradesh,9
9UP36,Amethi Arto,Uttar Pradesh,9
9UP22,Arto Office Rampur,Uttar Pradesh,9
9UP79,Auraiya,Uttar Pradesh,9
9UP42,Ayodhya Rto,Uttar Pradesh,9
9UP50,Azamgarh Rto,Uttar Pradesh,9
9UP24,Badaun,Uttar Pradesh,9
9UP17,Baghpat,Uttar Pradesh,9
9UP40,Bahraich,Uttar Pradesh,9
9UP60,Ballia,Uttar Pradesh,9
9UP47,Balrampur,Uttar Pradesh,9
9UP90,Bandarto,Uttar Pradesh,9
9UP41,Barabanki Arto,Uttar Pradesh,9
9UP25,Bareilly,Uttar Pradesh,9
9UP51,Basti Rto,Uttar Pradesh,9
9UP66,Bhadohi,Uttar Pradesh,9
9UP20,Bijnor,Uttar Pradesh,9
9UP13,Bulandshahar,Uttar Pradesh,9
9UP67,Chandauli,Uttar Pradesh,9
9UP96,Chitrakoot,Uttar Pradesh,9
9UP52,Deoria,Uttar Pradesh,9
9UP82,Etah,Uttar Pradesh,9
9UP75,Etawah,Uttar Pradesh,9
9UP76,Farrukhabad,Uttar Pradesh,9
9UP71,Fathehpur,Uttar Pradesh,9
9UP83,Ferozabad,Uttar Pradesh,9
9UP14,Ghaziabad,Uttar Pradesh,9
9UP61,Ghazipur,Uttar Pradesh,9
9UP43,Gonda,Uttar Pradesh,9
9UP53,Gorakhpur Rto,Uttar Pradesh,9
9UP91,Hamirpur,Uttar Pradesh,9
9UP37,Hapur,Uttar Pradesh,9
9UP30,Hardoi,Uttar Pradesh,9
9UP86,Hathras,Uttar Pradesh,9
9UP62,Jaunpur,Uttar Pradesh,9
9UP93,Jhansirto,Uttar Pradesh,9
9UP23,Jpnagar,Uttar Pradesh,9
9UP74,Kannauj,Uttar Pradesh,9
9UP77,Kanpur Dehat,Uttar Pradesh,9
9UP78,Kanpur Nagar,Uttar Pradesh,9
9UP87,Kasganj,Uttar Pradesh,9
9UP73,Kaushambi,Uttar Pradesh,9
9UP31,Lakhimpur Kheri,Uttar Pradesh,9
9UP94,Lalitpur,Uttar Pradesh,9
9UP321,Mahanagar Arto Lucknow,Uttar Pradesh,9
9UP56,Maharajganj,Uttar Pradesh,9
9UP95,Mahoba,Uttar Pradesh,9
9UP84,Mainpuri,Uttar Pradesh,9
9UP85,Mathura,Uttar Pradesh,9
9UP54,Mau,Uttar Pradesh,9
9UP15,Meerut Rto,Uttar Pradesh,9
9UP63,Mirzapur Rto,Uttar Pradesh,9
9UP21,Moradabad,Uttar Pradesh,9
9UP12,Muzaffarnagar,Uttar Pradesh,9
9UP16,Noida,Uttar Pradesh,9
9UP92,Orai,Uttar Pradesh,9
9UP57,Padrauna,Uttar Pradesh,9
9UP26,Pilibhit,Uttar Pradesh,9
9UP72,Pratapgarh,Uttar Pradesh,9
9UP70,Prayagraj Rto,Uttar Pradesh,9
9UP33,Raibareilly,Uttar Pradesh,9
9UP11,Saharanpur Rto,Uttar Pradesh,9
9UP27,Sahjahanpur,Uttar Pradesh,9
9UP38,Sambhal Arto,Uttar Pradesh,9
9UP58,Sant Kabir Nagar,Uttar Pradesh,9
9UP19,Shamli Arto,Uttar Pradesh,9
9UP46,Shravasti,Uttar Pradesh,9
9UP55,Siddharth Nagar,Uttar Pradesh,9
9UP34,Sitapur,Uttar Pradesh,9
9UP64,Sonbhadra,Uttar Pradesh,9
9UP44,Sultanpur,Uttar Pradesh,9
9UP32,Transport Nagar Rto Lucknow,Uttar Pradesh,9
9UP35,Unnao,Uttar Pradesh,9
9UP65,Varanasi Rto,Uttar Pradesh,9
5UK1,Almora Rto,Uttarakhand,5
5UK2,Bageshwar Arto,Uttarakhand,5
5UK7,Dehradun Rto,Uttarakhand,5
5UK4,Haldwani Rto,Uttarakhand,5
5UK8,Haridwar Arto,Uttarakhand,5
5UK11,Karanprayag Arto,Uttarakhand,5
5UK18,Kashipur Arto,Uttarakhand,5
5UK15,Kotdwar Arto,Uttarakhand,5
5UK12,Pauri Rto,Uttarakhand,5
5UK5,Pithoragarh Arto,Uttarakhand,5
5UK19,Ramnagar Arto,Uttarakhand,5
5UK20,Ranikhet Arto,Uttarakhand,5
5UK14,Rishikesh Arto,Uttarakhand,5
5UK17,Roorkee Arto,Uttarakhand,5
5UK13,Rudraprayag Arto,Uttarakhand,5
5UK3,Tanakpur Arto,Uttarakhand,5
5UK9,Tehri Arto,Uttarakhand,5
5UK6,Udham Singh Nagar Arto,Uttarakhand,5
5UK10,Uttarkashi Arto,Uttarakhand,5
5UK16,Vikas Nagar Arto,Uttarakhand,5
19WB19,Alipore Rto,West Bengal,19
19WB69,Alipurduar Rto,West Bengal,19
19WB18,Arambag Arto,West Bengal,19
19WB27,Bangaon Arto,West Bengal,19
19WB67,Bankura Rto,West Bengal,19
19WB25,Barasat Rto,West Bengal,19
19WB23,Barrackpore Arto,West Bengal,19
19WB95,Baruipur Arto,West Bengal,19
19WB21,Basirhat Arto,West Bengal,19
19WB9,Behala Arto,West Bengal,19
19WB53,Birbhum Rto,West Bengal,19
19WB87,Bishnupur Arto,West Bengal,19
19WB47,Bolpur Arto,West Bengal,19
19WB83,Chanchol Arto,West Bengal,19
19WB31,Contai Arto,West Bengal,19
19WB63,Coochbehar Rto,West Bengal,19
19WB61,Dakshin Dinajpur Rto,West Bengal,19
19WB76,Darjeeling Rto,West Bengal,19
19WB97,Diamond Harbour Arto,West Bengal,19
19WB39,Durgapore Arto,West Bengal,19
19WB50,Ghatal Arto,West Bengal,19
19WB32,Haldia Arto,West Bengal,19
19WB15,Hooghly Rto,West Bengal,19
19WB11,Howrah Rto,West Bengal,19
19WB91,Islampur Arto,West Bengal,19
19WB71,Jalpaiguri Rto,West Bengal,19
19WB93,Jangipur Arto,West Bengal,19
19WB49,Jhargram Rto,West Bengal,19
19WB78,Kalimpong Rto,West Bengal,19
19WB43,Kalna Arto,West Bengal,19
19WB89,Kalyani Arto,West Bengal,19
19WB5,Kasba Arto,West Bengal,19
19WB75,Katwa Arto,West Bengal,19
19WB35,Kharagpur Arto,West Bengal,19
19WB65,Malda Rto,West Bengal,19
19WB85,Mathabhanga Arto,West Bengal,19
19WB57,Murshidabad Rto,West Bengal,19
19WB51,Nadia Rto,West Bengal,19
19WB37,Paschim Burdwan Rto,West Bengal,19
19WB33,Paschim Midnapore Rto,West Bengal,19
19WB41,Purba Burdwan Rto,West Bengal,19
19WB55,Purulia Rto,West Bengal,19
19WB1,Pvd Kolkata,West Bengal,19
19WB81,Raghunathpur Arto,West Bengal,19
19WB45,Rampurhat Arto,West Bengal,19
19WB7,Saltlake Arto,West Bengal,19
19WB73,Siliguri Arto,West Bengal,19
19WB17,Srirampur Arto,West Bengal,19
19WB997,Sta-Durgapur,West Bengal,19
19WB29,Tamluk Rto,West Bengal,19
19WB52,Tehatta Arto,West Bengal,19
19WB13,Uluberia Arto,West Bengal,19
19WB59,Uttar Dinajpur Rto,West Bengal,19
35AN1,Port Blair Dto,Andaman & Nicobar Island,35
28AP237,Jangareddy Gudem Uo,Andhra Pradesh,28
28AP135,Parvathipuram Mvi Office,Andhra Pradesh,28
18AS25,Kamrup(Rural),Assam,18
4CH1,Chandigarh Ut (Rla And Sta),Chandigarh,4
7DL51,Rajpur Road/Viu Burari,Delhi,7
24GJ38,"Ahmedabad (Rural), Bawla Arto",Gujarat,24
2HP29,Rla Jogendranagar,Himachal Pradesh,2
2HP3,Rla Shimla Hp-03-Hp-07(Urban),Himachal Pradesh,2
2HP51,Rla Shimla(Rural),Himachal Pradesh,2
2HP93,Rto Baddi(Nalagarh),Himachal Pradesh,2
1JK3,Anantnag Arto,Jammu and Kashmir,1
1JK15,Bandipora Arto,Jammu and Kashmir,1
1JK5,Baramulla Arto,Jammu and Kashmir,1
1JK4,Budgam Arto,Jammu and Kashmir,1
1JK6,Doda Arto,Jammu and Kashmir,1
1JK16,Ganderbal Arto,Jammu and Kashmir,1
1JK2,Jammu Rto,Jammu and Kashmir,1
1JK8,Kathua Rto,Jammu and Kashmir,1
1JK17,Kishtwar Arto,Jammu and Kashmir,1
1JK18,Kulgam Arto,Jammu and Kashmir,1
1JK9,Kupwara Arto,Jammu and Kashmir,1
1JK12,Poonch Arto,Jammu and Kashmir,1
1JK13,Pulwama Arto,Jammu and Kashmir,1
1JK11,Rajouri Arto,Jammu and Kashmir,1
1JK19,Ramban Arto,Jammu and Kashmir,1
1JK20,Reasi Arto,Jammu and Kashmir,1
1JK21,Samba Arto,Jammu and Kashmir,1
1JK22,Shopian Arto,Jammu and Kashmir,1
1JK1,Srinagar Rto,Jammu and Kashmir,1
1JK14,Udhampur Arto,Jammu and Kashmir,1
20JH5,East Singhbhum (Jamshedpur),Jharkhand,20
20JH6,West Singhbhum (Chaibasa),Jharkhand,20
29KA29,Bagalkot Rto,Karnataka,29
29KA24,Bailhongal Rto,Karnataka,29
29KA34,Bellary Rto,Karnataka,29
29KA1,Bengaluru Central Rto,Karnataka,29
29KA3,Bengaluru East Rto,Karnataka,29
29KA4,Bengaluru North Rto,Karnataka,29
29KA5,Bengaluru South Rto,Karnataka,29
29KA2,Bengaluru West Rto,Karnataka,29
29KA39,Bhalki Arto,Karnataka,29
29KA38,Bidar Rto,Karnataka,29
29KA28,Bijapur Rto,Karnataka,29
29KA10,Chamarajanagar Rto,Karnataka,29
29KA40,Chickaballapur Rto,Karnataka,29
29KA23,Chikkodi Rto,Karnataka,29
29KA16,Chitradurga Rto,Karnataka,29
29KA17,Davanagere Rto,Karnataka,29
29KA51,Electronic City Rto,Karnataka,29
29KA26,Gadag Rto,Karnataka,29
29KA49,Gokak Arto,Karnataka,29
29KA13,Hassan Rto,Karnataka,29
29KA27,Haveri Rto,Karnataka,29
29KA47,Honnavar Arto,Karnataka,29
29KA35,Hospet Rto,Karnataka,29
29KA45,Hunsur Arto,Karnataka,29
29KA48,Jamkhandi Arto,Karnataka,29
29KA41,Jnanabharathi Rto,Karnataka,29
29KA8,K G F Arto,Karnataka,29
29KA32,Kalaburagi Rto,Karnataka,29
29KA30,Karwar Rto,Karnataka,29
29KA7,Kolar Rto,Karnataka,29
29KA37,Koppal Rto,Karnataka,29
29KA53,Krishnarajapuram Rto,Karnataka,29
29KA12,Madikeri Rto,Karnataka,29
29KA11,Mandya Rto,Karnataka,29
29KA19,Mangalore Rto,Karnataka,29
29KA55,Mysuru East Rto,Karnataka,29
29KA9,Mysuru West Rto,Karnataka,29
29KA54,Nagamangala Rto,Karnataka,29
29KA52,Nelamangala Rto,Karnataka,29
29KA21,Puttur Rto,Karnataka,29
29KA36,Raichur Rto,Karnataka,29
29KA42,Ramanagar Rto,Karnataka,29
29KA15,Sagar Arto,Karnataka,29
29KA46,Sakaleshpura Arto,Karnataka,29
29KA14,Shimoga Rto,Karnataka,29
29KA31,Sirsi Rto,Karnataka,29
29KA57,"Stu And Autorikshaw, Shanthinagar Rto",Karnataka,29
29KA44,Tiptur Arto,Karnataka,29
29KA6,Tumkur Rto,Karnataka,29
29KA20,Udupi Rto,Karnataka,29
29KA33,Yadgiri Rto,Karnataka,29
29KA50,Yalahanka Rto,Karnataka,29
32KL85,Ramanattukara (Feroke) Srto,Kerala,32
23MP16,Chattarpur Arto,Madhya Pradesh,23
27MH20,Aurangabad,Maharashtra,27
27MH47,Dy.r.t.o.borivali,Maharashtra,27
27MH1,Mumbai (Central),Maharashtra,27
27MH3,Mumbai (East),Maharashtra,27
27MH2,Mumbai (West),Maharashtra,27
27MH49,Nagpur (East),Maharashtra,27
27MH40,Nagpur (Rural),Maharashtra,27
27MH31,Nagpur (U),Maharashtra,27
27MH25,Osmanabad,Maharashtra,27
27MH6,Pen (Raigad),Maharashtra,27
27MH7,Sindhudurg(Kudal),Maharashtra,27
27MH43,Vashi (New Mumbai),Maharashtra,27
17ML4,Dto Jowai,Meghalaya,17
17ML15,Dto Mairang,Meghalaya,17
3PB15,Abohar Sdm,Punjab,3
3PB82,Ahmedgarh Sdm,Punjab,3
3PB14,Ajnala Sdm,Punjab,3
3PB92,Amargarh Sdm,Punjab,3
3PB48,Amloh Sdm,Punjab,3
3PB2,Amritsar Rta,Punjab,3
3PB89,Amritsar-2 Sdm,Punjab,3
3PB16,Anandpur Sahib Sdm,Punjab,3
3PB17,Baba Bakala Sdm,Punjab,3
3PB69,Bagha Purana Sdm,Punjab,3
3PB20,Balachaur Sdm,Punjab,3
3PB78,Banga Sdm,Punjab,3
3PB19,Barnala Sdm,Punjab,3
3PB52,Bassi Pathana Sdm,Punjab,3
3PB18,Batala Sdm,Punjab,3
3PB3,Bathinda Rta,Punjab,3
3PB84,Bhawnigarh Sdm,Punjab,3
3PB88,Bhikhiwind Sdm,Punjab,3
3PB57,Bholath Sdm,Punjab,3
3PB50,Budhlada Sdm,Punjab,3
3PB71,Chamkaur Sahib Sdm,Punjab,3
3PB21,Dasuya Sdm,Punjab,3
3PB58,Dera Baba Nanak Sdm,Punjab,3
3PB70,Dera Bassi Sdm,Punjab,3
3PB68,Dhar Kalan Sdm,Punjab,3
3PB76,Dharamkot Sdm,Punjab,3
3PB59,Dhuri Sdm,Punjab,3
3PB99,Dinanagar Sdm,Punjab,3
3PB86,Dirba Sdm,Punjab,3
3PB83,Dudhan Sadhan Sdm,Punjab,3
3PB4,Faridkot Rta,Punjab,3
3PB23,Fatehgarh Sahib Sdm,Punjab,3
3PB22,Fazilka Sdm,Punjab,3
3PB5,Ferozpur Rta,Punjab,3
3PB24,Garshankar Sdm,Punjab,3
3PB60,Giddarbaha Sdm,Punjab,3
3PB6,Gurdaspur Rta,Punjab,3
3PB77,Guru Har Sahai Sdm,Punjab,3
3PB7,Hoshiarpur Rta,Punjab,3
3PB25,Jagraon Sdm,Punjab,3
3PB62,Jaito Sdm,Punjab,3
3PB61,Jalalabad Sdm,Punjab,3
3PB8,Jalandhar Rta,Punjab,3
3PB90,Jalandhar-11 Sdm,Punjab,3
3PB85,Kalanaur Sdm,Punjab,3
3PB9,Kapurthala Sdm,Punjab,3
3PB63,Khadur Sahib Sdm,Punjab,3
3PB49,Khamano Sdm,Punjab,3
3PB26,Khanna Sdm,Punjab,3
3PB27,Kharar Sdm,Punjab,3
3PB79,Kotkapura Sdm,Punjab,3
3PB75,Lehragaga Sdm,Punjab,3
3PB91,Ludhiana East Sdm,Punjab,3
3PB10,Ludhiana Rta,Punjab,3
3PB81,Majitha Sdm,Punjab,3
3PB28,Malerkotla Sdm,Punjab,3
3PB53,Malout Sdm,Punjab,3
3PB31,Mansa Sdm,Punjab,3
3PB80,Maur Mandi Sdm,Punjab,3
3PB29,Moga Sdm,Punjab,3
3PB64,Moonak Sdm,Punjab,3
3PB87,Morinda Sdm,Punjab,3
3PB54,Mukerian Sdm,Punjab,3
3PB30,Muktsar Sdm,Punjab,3
3PB34,Nabha Sdm,Punjab,3
3PB33,Nakodar Sdm,Punjab,3
3PB74,Nangal Sdm,Punjab,3
3PB66,Nihal Singh Wala Sdm,Punjab,3
3PB35,Pathankot Sdm,Punjab,3
3PB11,Patiala Rta,Punjab,3
3PB72,Patran Sdm,Punjab,3
3PB38,Patti Sdm,Punjab,3
3PB55,Payal Sdm,Punjab,3
3PB36,Phagwara Sdm,Punjab,3
3PB37,Phillour Sdm,Punjab,3
3PB1,Punjab Sta(Rac)-(Aitp),Punjab,3
3PB56,Raikot Sdm,Punjab,3
3PB39,Rajpura Sdm,Punjab,3
3PB40,Rampura Phul Sdm,Punjab,3
3PB12,Ropar Sdm,Punjab,3
3PB65,Sahibzada Ajit Singh Nagar Rta,Punjab,3
3PB42,Samana Sdm,Punjab,3
3PB43,Samrala Sdm,Punjab,3
3PB13,Sangrur Rta,Punjab,3
3PB51,Sardulgarh Sdm,Punjab,3
3PB32,Shahid Bhagat Singh Nagar Sdm,Punjab,3
3PB67,Shahkot Sdm,Punjab,3
3PB41,Sultanpur Sdm,Punjab,3
3PB44,Sunam Sdm,Punjab,3
3PB45,Talwandi Sabo Sdm,Punjab,3
3PB73,Tapa Sdm,Punjab,3
3PB46,Tarn Taran Sdm,Punjab,3
3PB47,Zira Sdm,Punjab,3
8RJ14,Jaipur (First) Rto,Rajasthan,8
8RJ59,Jaipur (Second) Rto,Rajasthan,8
8RJ51,Sahapura (Bhilwara) Dto,Rajasthan,8
8RJ52,Sahapura (Jaipur) Dto,Rajasthan,8
8RJ142,"Vidhyadhar Nagar,jaipur Dto",Rajasthan,8
33TN1,Chennai (Central) Rto,Tamil Nadu,33
33TN4,Chennai (East) Rto,Tamil Nadu,33
33TN5,Chennai (North) Rto,Tamil Nadu,33
33TN3,Chennai (North-East) Rto,Tamil Nadu,33
33TN7,Chennai (South) Rto,Tamil Nadu,33
33TN6,Chennai (South-East) Rto,Tamil Nadu,33
33TN10,Chennai (South-West) Rto,Tamil Nadu,33
33TN9,Chennai (West) Rto,Tamil Nadu,33
33TN66,Coimbatore (Central) Rto,Tamil Nadu,33
33TN38,Coimbatore (North) Rto,Tamil Nadu,33
33TN37,Coimbatore (South) Rto,Tamil Nadu,33
33TN99,Coimbatore (West) Rto,Tamil Nadu,33
33TN86,Erode (West) Rto,Tamil Nadu,33
33TN64,Madurai (Central) Rto,Tamil Nadu,33
33TN59,Madurai (North) Rto,Tamil Nadu,33
33TN58,Madurai (South) Rto,Tamil Nadu,33
33TN28,Namakkal (North) Rto,Tamil Nadu,33
33TN88,Namakkal (South) Rto,Tamil Nadu,33
33TN595,Oddanchatram Uo,Tamil Nadu,33
33TN587,Pattukottai Uo,Tamil Nadu,33
33TN2,Rto Chennai (North West),Tamil Nadu,33
33TN54,Salem (East) Rto,Tamil Nadu,33
33TN90,Salem (South) Rto,Tamil Nadu,33
33TN30,Salem (West) Rto,Tamil Nadu,33
33TN598,Thirumangalam Uo,Tamil Nadu,33
33TN81,Tiruchi(East) Rto,Tamil Nadu,33
33TN39,Tiruppur (North) Rto,Tamil Nadu,33
33TN42,Tiruppur (South) Rto,Tamil Nadu,33
38DD3,Daman,UT of DNH and DD,38
38DD2,Diu,UT of DNH and DD,38
38DD1,Silvassa,UT of DNH and DD,38
9UP45,Akbarpur(Ambedkar Nagar),Uttar Pradesh,9
9UP66,Bhadohi(Sant Ravidas Nagar),Uttar Pradesh,9
9UP91,Hamirpur(Up),Uttar Pradesh,9
9UP87,Kasganj(Kashi Ram Nagar),Uttar Pradesh,9
9UP321,Mahanagar Arto Lucknow (Up321),Uttar Pradesh,9
9UP57,Padrauna(Kushi Nagar),Uttar Pradesh,9
9UP55,Siddharth Nagar(Naugarh),Uttar Pradesh,9
9UP32,Transport Nagar Rto Lucknow (Up32),Uttar Pradesh,9
