RegNo,Place,State,StateCode
AN01,Port Blair Dto,Andaman And Nicobar Islands,35
AP22,Adoni Rto,Andhra Pradesh,28
AP20,Amalapuram Rta,Andhra Pradesh,28
AP13,Anakapalli Rta,Andhra Pradesh,28
AP02,Anantapur Rta,Andhra Pradesh,28
AP12,Atmakur Mvi Office,Andhra Pradesh,28
AP10,Badvel Mvi Office,Andhra Pradesh,28
AP30,Chilakaluripeta Mvi Office,Andhra Pradesh,28
AP90,Chintoor,Andhra Pradesh,28
AP03,Chittoor Rta,Andhra Pradesh,28
AP04,Cuddapah Rta,Andhra Pradesh,28
AP42,Darsi Uo,Andhra Pradesh,28
AP23,Gajuwaka Rta,Andhra Pradesh,28
AP11,Gudiwada Rta,Andhra Pradesh,28
AP07,Guntur Rta,Andhra Pradesh,28
AP61,Jaggayyapet Uo,Andhra Pradesh,28
AP32,Kavali Uo,Andhra Pradesh,28
AP33,Kovvuru Uo,Andhra Pradesh,28
AP21,Kurnool Rta,Andhra Pradesh,28
AP40,Macherla Mvi Office,Andhra Pradesh,28
AP50,Mangalagiri Mvi Office,Andhra Pradesh,28
AP31,Nandigama Rta,Andhra Pradesh,28
AP26,Nellore Rta,Andhra Pradesh,28
AP41,Nuzvid Uo,Andhra Pradesh,28
AP63,Palakole Uo,Andhra Pradesh,28
AP60,Piduguralla Uo,Andhra Pradesh,28
AP27,Prakasam Rta,Andhra Pradesh,28
AP70,Ravulapalem Uo,Andhra Pradesh,28
AP14,Regional Transport Office Rampachodavaram,Andhra Pradesh,28
AP37,Rta Eluru,Andhra Pradesh,28
AP05,Rta Kakinada,Andhra Pradesh,28
AP43,Tadepalli Gudem Uo,Andhra Pradesh,28
AP53,Tanuku Uo,Andhra Pradesh,28
AP16,Vijayawada Rta,Andhra Pradesh,28
AP35,Vizianagaram Rta,Andhra Pradesh,28
AP51,Vuyyuru Uo,Andhra Pradesh,28
AR17,Anjaw,Arunachal Pradesh,12
AR12,Changlang,Arunachal Pradesh,12
AR10,Dibang Valley,Arunachal Pradesh,12
AR05,East Kameng,Arunachal Pradesh,12
AR09,East Siang,Arunachal Pradesh,12
AR01,Itanagar Capital Region,Arunachal Pradesh,12
AR23,Kamle,Arunachal Pradesh,12
AR19,Kra-Daadi,Arunachal Pradesh,12
AR15,Kurung Kumey,Arunachal Pradesh,12
AR25,Leparada,Arunachal Pradesh,12
AR11,Lohit,Arunachal Pradesh,12
AR18,Longding,Arunachal Pradesh,12
AR16,Lower Dibang Valley,Arunachal Pradesh,12
AR22,Lower Siang,Arunachal Pradesh,12
AR06,Lower Subansiri,Arunachal Pradesh,12
AR20,Namsai,Arunachal Pradesh,12
AR24,Pakke-Kesang,Arunachal Pradesh,12
AR26,Shi-Yomi,Arunachal Pradesh,12
AR21,Siang,Arunachal Pradesh,12
AR03,Tawang,Arunachal Pradesh,12
AR13,Tirap,Arunachal Pradesh,12
AR14,Upper Siang,Arunachal Pradesh,12
AR07,Upper Subansiri,Arunachal Pradesh,12
AR04,West Kameng,Arunachal Pradesh,12
AR08,West Siang,Arunachal Pradesh,12
AR02,Yupia,Arunachal Pradesh,12
AS15,Barpeta,Assam,18
AS28,Baska,Assam,18
AS32,Biswanath Chariali,Assam,18
AS19,Bongaigaon,Assam,18
AS11,Cachar,Assam,18
AS33,Charaideo,Assam,18
AS26,Chirang,Assam,18
AS13,Darrang,Assam,18
AS22,Dhemaji,Assam,18
AS17,Dhubri,Assam,18
AS06,Dibrugarh,Assam,18
AS08,Dima Hasao,Assam,18
AS18,Goalpara,Assam,18
AS05,Golaghat,Assam,18
AS24,Hailakandi,Assam,18
AS31,Hojai,Assam,18
AS03,Jorhat,Assam,18
AS01,Kamrup,Assam,18
AS25,Kamrup,Assam,18
AS09,Karbi Anglong,Assam,18
AS10,Karimganj,Assam,18
AS16,Kokrajhar,Assam,18
AS07,Lakhimpur,Assam,18
AS29,Majuli,Assam,18
AS21,Morigaon,Assam,18
AS02,Nagaon,Assam,18
AS14,Nalbari,Assam,18
AS04,Sivasagar,Assam,18
AS12,Sonitpur,Assam,18
AS34,South Salmara,Assam,18
AS23,Tinsukia,Assam,18
AS27,Udalguri,Assam,18
BR38,Araria,Bihar,10
BR56,Arawal,Bihar,10
BR26,Aurangabad,Bihar,10
BR51,Banka,Bihar,10
BR09,Begusarai,Bihar,10
BR22,Bettiah,Bihar,10
BR45,Bhabhua,Bihar,10
BR10,Bhagalpur,Bihar,10
BR03,Bhojpur,Bihar,10
BR44,Buxur,Bihar,10
BR04,Chapara,Bihar,10
BR07,Darbhanga,Bihar,10
BR02,Gaya,Bihar,10
BR28,Gopalganj,Bihar,10
BR46,Jamui,Bihar,10
BR25,Jehanabad,Bihar,10
BR39,Katihar,Bihar,10
BR34,Khagaria,Bihar,10
BR37,Kishanganj,Bihar,10
BR53,Lakhisarai,Bihar,10
BR43,Madhepura,Bihar,10
BR32,Madhubani,Bihar,10
BR05,Motihari,Bihar,10
BR08,Munger,Bihar,10
BR06,Muzaffarpur,Bihar,10
BR21,Nalanda,Bihar,10
BR27,Nawada,Bihar,10
BR01,Patna,Bihar,10
BR11,Purnea,Bihar,10
BR24,Rohtas,Bihar,10
BR19,Saharsa,Bihar,10
BR33,Samastipur,Bihar,10
BR52,Sheikhpura,Bihar,10
BR55,Sheohar,Bihar,10
BR30,Sitamarhi,Bihar,10
BR29,Siwan,Bihar,10
BR50,Supaul,Bihar,10
BR31,Vaishali,Bihar,10
CH01,Chandigarh Ut,Chandigarh,4
CG15,Ambikapur Rto,Chhattisgarh,22
CG16,Baikunthpur Dto,Chhattisgarh,22
CG24,Balod Dto,Chhattisgarh,22
CG22,Baloda Bazar Dto,Chhattisgarh,22
CG30,Balrampur Dto,Chhattisgarh,22
CG25,Bemetara Dto,Chhattisgarh,22
CG20,Bijapur Dto,Chhattisgarh,22
CG10,Bilaspur Rto,Chhattisgarh,22
CG18,Dantewada Dto,Chhattisgarh,22
CG05,Dhamtari Dto,Chhattisgarh,22
CG07,Durg Rto,Chhattisgarh,22
CG23,Gariyaband Dto,Chhattisgarh,22
CG31,Gaurela-Pendra-Marwahi Dto,Chhattisgarh,22
CG17,Jagdalpur Rto,Chhattisgarh,22
CG11,Janjgir Champa Dto,Chhattisgarh,22
CG14,Jashpur Dto,Chhattisgarh,22
CG19,Kanker Dto,Chhattisgarh,22
CG09,Kawardha Dto,Chhattisgarh,22
CG27,Kondagaon Dto,Chhattisgarh,22
CG12,Korba Dto,Chhattisgarh,22
CG06,Mahasamund Dto,Chhattisgarh,22
CG28,Mungeli Dto,Chhattisgarh,22
CG21,Narayanpur Dto,Chhattisgarh,22
CG13,Raigarh Dto,Chhattisgarh,22
CG04,Raipur Rto,Chhattisgarh,22
CG08,Rajnandgaon Arto,Chhattisgarh,22
CG26,Sukma Dto,Chhattisgarh,22
CG29,Surajpur Dto,Chhattisgarh,22
DL53,Burari Auto Unit,Delhi,7
DL52,Burari Taxi Unit,Delhi,7
DL09,Dwarka,Delhi,7
DL02,I P Estate,Delhi,7
DL04,Janakpuri,Delhi,7
DL05,Loni Road,Delhi,7
DL01,Mall Road,Delhi,7
DL07,Mayur Vihar,Delhi,7
DL10,Rajouri Garden,Delhi,7
DL51,Rajpur Road-Viu Burari,Delhi,7
DL11,Rohini,Delhi,7
DL06,Sarai Kale Khan,Delhi,7
DL03,South Delhi,Delhi,7
DL13,Surajmal Vihar,Delhi,7
DL12,Vasant Vihar,Delhi,7
DL08,Wazirpur,Delhi,7
GA04,Bicholim Rto,Goa,30
GA10,Canacona Rto,Goa,30
GA12,Dharbandora Rto,Goa,30
GA03,Mapusa Rto,Goa,30
GA08,Margao Rto,Goa,30
GA07,Panaji Rto,Goa,30
GA11,Pernem Rto,Goa,30
GA05,Ponda Rto,Goa,30
GA09,Quepem Rto,Goa,30
GA06,Vasco Rto,Goa,30
GJ30,Aahwa,Gujarat,24
GJ38,"Ahmedabad , Bawla Arto",Gujarat,24
GJ01,Ahmedabad,Gujarat,24
GJ27,Ahmedabad East,Gujarat,24
GJ14,Amreli,Gujarat,24
GJ23,Anand,Gujarat,24
GJ08,Banaskantha,Gujarat,24
GJ19,Bardoli,Gujarat,24
GJ16,Bharuch,Gujarat,24
GJ04,Bhavnagar,Gujarat,24
GJ33,Botad,Gujarat,24
GJ34,Chhotaudaipur,Gujarat,24
GJ20,Dahod,Gujarat,24
GJ18,Gandhinagar,Gujarat,24
GJ10,Jamnagar,Gujarat,24
GJ11,Junagadh,Gujarat,24
GJ12,Kachchh,Gujarat,24
GJ39,Kachchh East,Gujarat,24
GJ37,Khambhaliya,Gujarat,24
GJ07,Kheda,Gujarat,24
GJ35,Lunavada,Gujarat,24
GJ02,Mehsana,Gujarat,24
GJ31,Modasa,Gujarat,24
GJ36,Morbi,Gujarat,24
GJ22,Narmada,Gujarat,24
GJ21,Navsari,Gujarat,24
GJ17,Panchmahal,Gujarat,24
GJ24,Patan,Gujarat,24
GJ25,Porbandar,Gujarat,24
GJ03,Rajkot,Gujarat,24
GJ09,Sabarkantha,Gujarat,24
GJ05,Surat,Gujarat,24
GJ13,Surendranagar,Gujarat,24
GJ26,Tapi,Gujarat,24
GJ06,Vadodara,Gujarat,24
GJ15,Valsad,Gujarat,24
GJ32,Veraval,Gujarat,24
HR01,Ambala City,Haryana,6
HR40,Assandh,Haryana,6
HR13,Bahadurgarh,Haryana,6
HR29,Ballabgarh,Haryana,6
HR54,Barara,Haryana,6
HR81,Bawal,Haryana,6
HR16,Bhiwani,Haryana,6
HR19,Charkhi Dadri,Haryana,6
HR25,Dabwali,Haryana,6
HR44,Ellnabad,Haryana,6
HR51,Faridabad,Haryana,6
HR22,Fatehabad,Haryana,6
HR28,Ferozepur Zirkha,Haryana,6
HR42,Ganaur,Haryana,6
HR11,Gohana,Haryana,6
HR09,Gulha,Haryana,6
HR72,Gurugram South,Haryana,6
HR21,Hansi,Haryana,6
HR70,Haryana Head Office Chd,Haryana,6
HR52,Hathin,Haryana,6
HR20,Hisar,Haryana,6
HR50,Hodel,Haryana,6
HR02,Jagadhari,Haryana,6
HR14,Jhajhar,Haryana,6
HR31,Jind,Haryana,6
HR08,Kaithal,Haryana,6
HR83,Kalayat,Haryana,6
HR82,Kanina,Haryana,6
HR05,Karnal,Haryana,6
HR43,Kosli,Haryana,6
HR97,Ladwa,Haryana,6
HR18,Loharu,Haryana,6
HR34,Mahendergarh,Haryana,6
HR15,Meham,Haryana,6
HR04,Naraingarh,Haryana,6
HR35,Narnaul,Haryana,6
HR32,Narwana,Haryana,6
HR27,Nuh,Haryana,6
HR30,Palwal,Haryana,6
HR03,Panchkula,Haryana,6
HR06,Panipat,Haryana,6
HR76,Pataudi,Haryana,6
HR41,Pehowa,Haryana,6
HR99,"Ra,Panchkula",Haryana,6
HR59,Ratia,Haryana,6
HR36,Rewari,Haryana,6
HR96,Rla Tauru,Haryana,6
HR12,Rohtak,Haryana,6
HR37,Rta Ambala,Haryana,6
HR84,Rta Charki Dadri,Haryana,6
HR61,"Rta, Bhiwani",Haryana,6
HR38,"Rta, Faridabad",Haryana,6
HR62,"Rta, Fatehabad",Haryana,6
HR55,"Rta, Gurgaon",Haryana,6
HR39,"Rta, Hisar",Haryana,6
HR63,"Rta, Jhajjar At Bahadurgarh",Haryana,6
HR56,"Rta, Jind",Haryana,6
HR64,"Rta, Kaithal",Haryana,6
HR45,"Rta, Karnal",Haryana,6
HR65,"Rta, Kurukshetra",Haryana,6
HR66,"Rta, Mohindergarh",Haryana,6
HR74,"Rta, Nuh",Haryana,6
HR73,"Rta, Palwal",Haryana,6
HR68,"Rta, Panchkula",Haryana,6
HR67,"Rta, Panipat",Haryana,6
HR47,"Rta, Rewari",Haryana,6
HR46,"Rta, Rohtak",Haryana,6
HR57,"Rta, Sirsa",Haryana,6
HR69,"Rta, Sonepat",Haryana,6
HR58,"Rta, Ynr",Haryana,6
HR33,Safidon,Haryana,6
HR60,Samalkha,Haryana,6
HR85,Sdm Ambala Cantonment,Haryana,6
HR88,Sdm Badhra,Haryana,6
HR87,Sdm Badkhal,Haryana,6
HR89,Sdm Badli,Haryana,6
HR98,Sdm Badshahpur,Haryana,6
HR80,Sdm Barwala,Haryana,6
HR77,Sdm Beri,Haryana,6
HR71,Sdm Bilaspur,Haryana,6
HR91,Sdm Gharaunda,Haryana,6
HR26,Sdm Gurugram,Haryana,6
HR75,Sdm Indiri,Haryana,6
HR94,Sdm Kalanwali,Haryana,6
HR79,Sdm Kharkhonda,Haryana,6
HR86,Sdm Narnaund,Haryana,6
HR49,Sdm Office Kalka,Haryana,6
HR93,Sdm Punhana,Haryana,6
HR92,Sdm Radaur,Haryana,6
HR95,Sdm Sampla,Haryana,6
HR78,Sdm Shahabad,Haryana,6
HR90,Sdm Uchana,Haryana,6
HR24,Sirsa,Haryana,6
HR17,Siwani,Haryana,6
HR10,Sonepat,Haryana,6
HR07,Thanesar,Haryana,6
HR23,Tohana,Haryana,6
HR48,Tosham,Haryana,6
HP19,Rla Amb,Himachal Pradesh,2
HP35,Rla Ani,Himachal Pradesh,2
HP11,Rla Arki,Himachal Pradesh,2
HP53,Rla Baijnath,Himachal Pradesh,2
HP82,Rla Balh,Himachal Pradesh,2
HP12,Rla Balichowki,Himachal Pradesh,2
HP78,Rla Bangana,Himachal Pradesh,2
HP49,Rla Banjar,Himachal Pradesh,2
HP21,Rla Barsar,Himachal Pradesh,2
HP46,Rla Bharmour,Himachal Pradesh,2
HP74,Rla Bhoranj,Himachal Pradesh,2
HP24,Rla Bilaspur,Himachal Pradesh,2
HP48,Rla Chamba,Himachal Pradesh,2
HP08,Rla Chopal,Himachal Pradesh,2
HP44,Rla Churah,Himachal Pradesh,2
HP57,Rla Chuwari,Himachal Pradesh,2
HP47,Rla Dalhousie,Himachal Pradesh,2
HP36,Rla Dehra,Himachal Pradesh,2
HP86,Rla Dharampur,Himachal Pradesh,2
HP39,Rla Dharamshala,Himachal Pradesh,2
HP96,Rla Dheera,Himachal Pradesh,2
HP77,Rla Dodra Kawar,Himachal Pradesh,2
HP88,Rla Fathepur,Himachal Pradesh,2
HP10,Rla Gagret,Himachal Pradesh,2
HP23,Rla Ghumarvi,Himachal Pradesh,2
HP32,Rla Gohar,Himachal Pradesh,2
HP22,Rla Hamirpur,Himachal Pradesh,2
HP80,Rla Haroli,Himachal Pradesh,2
HP97,Rla Indora,Himachal Pradesh,2
HP56,Rla Jaisingpur,Himachal Pradesh,2
HP83,Rla Jawalaji,Himachal Pradesh,2
HP54,Rla Jawali,Himachal Pradesh,2
HP89,Rla Jhandutta,Himachal Pradesh,2
HP29,Rla Joginder Nagar,Himachal Pradesh,2
HP75,Rla Jubbal,Himachal Pradesh,2
HP25,Rla Kalpa,Himachal Pradesh,2
HP13,Rla Kandaghat,Himachal Pradesh,2
HP40,Rla Kangra,Himachal Pradesh,2
HP30,Rla Karsog,Himachal Pradesh,2
HP98,Rla Kasauli,Himachal Pradesh,2
HP41,Rla Kaza,Himachal Pradesh,2
HP42,Rla Kelang,Himachal Pradesh,2
HP99,Rla Kotkhai,Himachal Pradesh,2
HP34,Rla Kulu,Himachal Pradesh,2
HP95,Rla Kumarsain,Himachal Pradesh,2
HP58,Rla Manali,Himachal Pradesh,2
HP33,Rla Mandi,Himachal Pradesh,2
HP55,Rla Nadaun,Himachal Pradesh,2
HP94,Rla Nagrota Bagwan,Himachal Pradesh,2
HP18,Rla Nahan,Himachal Pradesh,2
HP26,Rla Nichar,Himachal Pradesh,2
HP38,Rla Nurpur,Himachal Pradesh,2
HP76,Rla Paddhar,Himachal Pradesh,2
HP37,Rla Palampur,Himachal Pradesh,2
HP45,Rla Pangi,Himachal Pradesh,2
HP17,Rla Paonta Sahib,Himachal Pradesh,2
HP15,Rla Parwanoo,Himachal Pradesh,2
HP27,Rla Pooh,Himachal Pradesh,2
HP16,Rla Rajgarh,Himachal Pradesh,2
HP06,Rla Rampur Bushar,Himachal Pradesh,2
HP81,Rla Salooni,Himachal Pradesh,2
HP79,Rla Sangrah,Himachal Pradesh,2
HP28,Rla Sarkaghat,Himachal Pradesh,2
HP90,Rla Shahpur,Himachal Pradesh,2
HP85,Rla Shillai,Himachal Pradesh,2
HP03,Rla Shimla Hp-03-Hp-07,Himachal Pradesh,2
HP51,Rla Shimla,Himachal Pradesh,2
HP91,Rla Shri Naina Devi Ji Swarghat,Himachal Pradesh,2
HP14,Rla Solan,Himachal Pradesh,2
HP84,Rla Sujanpur,Himachal Pradesh,2
HP31,Rla Sundarnagar,Himachal Pradesh,2
HP09,Rla Theog,Himachal Pradesh,2
HP87,Rla Thunag,Himachal Pradesh,2
HP43,Rla Udaipur,Himachal Pradesh,2
HP20,Rla Una,Himachal Pradesh,2
HP93,Rto Baddi,Himachal Pradesh,2
HP69,Rto Bilaspur,Himachal Pradesh,2
HP73,Rto Chamba,Himachal Pradesh,2
HP68,Rto Dharamshala,Himachal Pradesh,2
HP67,Rto Hamirpur,Himachal Pradesh,2
HP66,Rto Kullu,Himachal Pradesh,2
HP65,Rto Mandi,Himachal Pradesh,2
HP71,Rto Nahan,Himachal Pradesh,2
HP92,Rto Rampur,Himachal Pradesh,2
HP63,Rto Shimla,Himachal Pradesh,2
HP64,Rto Solan,Himachal Pradesh,2
HP72,Rto Una,Himachal Pradesh,2
HP62,Sta Shimla,Himachal Pradesh,2
JK03,Anantnag Arto,Jammu And Kashmir,1
JK15,Bandipora Arto,Jammu And Kashmir,1
JK05,Baramulla Arto,Jammu And Kashmir,1
JK04,Budgam Arto,Jammu And Kashmir,1
JK06,Doda Arto,Jammu And Kashmir,1
JK16,Ganderbal Arto,Jammu And Kashmir,1
JK02,Jammu Rto,Jammu And Kashmir,1
JK08,Kathua Rto,Jammu And Kashmir,1
JK17,Kishtwar Arto,Jammu And Kashmir,1
JK18,Kulgam Arto,Jammu And Kashmir,1
JK09,Kupwara Arto,Jammu And Kashmir,1
JK12,Poonch Arto,Jammu And Kashmir,1
JK13,Pulwama Arto,Jammu And Kashmir,1
JK11,Rajouri Arto,Jammu And Kashmir,1
JK19,Ramban Arto,Jammu And Kashmir,1
JK20,Reasi Arto,Jammu And Kashmir,1
JK21,Samba Arto,Jammu And Kashmir,1
JK22,Shopian Arto,Jammu And Kashmir,1
JK01,Srinagar Rto,Jammu And Kashmir,1
JK14,Udhampur Arto,Jammu And Kashmir,1
JH09,Bokaro,Jharkhand,20
JH13,Chatra,Jharkhand,20
JH15,Deoghar,Jharkhand,20
JH10,Dhanbad,Jharkhand,20
JH04,Dto Office Dumka,Jharkhand,20
JH05,East Singhbhum,Jharkhand,20
JH14,Garhwa,Jharkhand,20
JH11,Giridih,Jharkhand,20
JH17,Godda,Jharkhand,20
JH07,Gumla,Jharkhand,20
JH02,Hazaribag,Jharkhand,20
JH21,Jamtara,Jharkhand,20
JH23,Khunti,Jharkhand,20
JH12,Koderma,Jharkhand,20
JH19,Latehar,Jharkhand,20
JH08,Lohardaga,Jharkhand,20
JH16,Pakur,Jharkhand,20
JH03,Palamu,Jharkhand,20
JH24,Ramgarh,Jharkhand,20
JH01,Ranchi,Jharkhand,20
JH18,Sahebganj,Jharkhand,20
JH22,Saraikela-Kharsawan,Jharkhand,20
JH20,Simdega,Jharkhand,20
JH06,West Singhbhum,Jharkhand,20
KA71,Athani Arto,Karnataka,29
KA29,Bagalkot  Rto,Karnataka,29
KA24,Bailhongal  Rto,Karnataka,29
KA70,Bantwala Arto,Karnataka,29
KA56,Baswakalyan Rto,Karnataka,29
KA34,Bellary  Rto,Karnataka,29
KA01,Bengaluru Central  Rto,Karnataka,29
KA03,Bengaluru East  Rto,Karnataka,29
KA04,Bengaluru North  Rto,Karnataka,29
KA05,Bengaluru South  Rto,Karnataka,29
KA02,Bengaluru West  Rto,Karnataka,29
KA39,Bhalki  Arto,Karnataka,29
KA38,Bidar  Rto,Karnataka,29
KA28,Bijapur  Rto,Karnataka,29
KA10,Chamarajanagar  Rto,Karnataka,29
KA59,"Chandapura, Bengaluru Rto",Karnataka,29
KA40,Chickaballapur  Rto,Karnataka,29
KA18,Chikamanglur Rto,Karnataka,29
KA23,Chikkodi  Rto,Karnataka,29
KA67,Chintamani Arto,Karnataka,29
KA16,Chitradurga  Rto,Karnataka,29
KA65,Dandeli Arto,Karnataka,29
KA17,Davanagere  Rto,Karnataka,29
KA43,Devanahalli  Arto,Karnataka,29
KA63,Dharwad East Rto,Karnataka,29
KA25,Dharwad West Rto,Karnataka,29
KA51,Electronic City  Rto,Karnataka,29
KA26,Gadag  Rto,Karnataka,29
KA49,Gokak  Arto,Karnataka,29
KA13,Hassan  Rto,Karnataka,29
KA27,Haveri  Rto,Karnataka,29
KA47,Honnavar  Arto,Karnataka,29
KA35,Hospet  Rto,Karnataka,29
KA45,Hunsur  Arto,Karnataka,29
KA48,Jamkhandi  Arto,Karnataka,29
KA41,Jnanabharathi  Rto,Karnataka,29
KA08,K G F  Arto,Karnataka,29
KA32,Kalaburagi  Rto,Karnataka,29
KA30,Karwar  Rto,Karnataka,29
KA07,Kolar  Rto,Karnataka,29
KA37,Koppal  Rto,Karnataka,29
KA53,Krishnarajapuram  Rto,Karnataka,29
KA64,"Madhugiri, Tumakuru Arto",Karnataka,29
KA12,Madikeri  Rto,Karnataka,29
KA11,Mandya  Rto,Karnataka,29
KA19,Mangalore  Rto,Karnataka,29
KA55,Mysuru  East  Rto,Karnataka,29
KA09,Mysuru West  Rto,Karnataka,29
KA54,Nagamangala  Rto,Karnataka,29
KA52,Nelamangala  Rto,Karnataka,29
KA21,Puttur  Rto,Karnataka,29
KA36,Raichur  Rto,Karnataka,29
KA42,Ramanagar  Rto,Karnataka,29
KA69,Ramdurga Arto,Karnataka,29
KA68,Ranibennur Arto,Karnataka,29
KA22,Regional Transport Office Belagavi,Karnataka,29
KA15,Sagar  Arto,Karnataka,29
KA46,Sakaleshpura  Arto,Karnataka,29
KA14,Shimoga  Rto,Karnataka,29
KA31,Sirsi  Rto,Karnataka,29
KA57,"Stu And Autorikshaw,  Shanthinagar Rto",Karnataka,29
KA66,"Tarikere, Chikkamagaluru Arto",Karnataka,29
KA44,Tiptur  Arto,Karnataka,29
KA06,Tumkur  Rto,Karnataka,29
KA20,Udupi  Rto,Karnataka,29
KA33,Yadgiri  Rto,Karnataka,29
KA50,Yalahanka  Rto,Karnataka,29
KL26,Adoor Srto,Kerala,32
KL04,Alappuzha Rto,Kerala,32
KL49,Alathur Srto,Kerala,32
KL41,Aluva Srto,Kerala,32
KL63,Angamali Srto,Kerala,32
KL16,Attingal Rto,Kerala,32
KL82,Chadayamangala Srto,Kerala,32
KL64,Chalakkudy Srto,Kerala,32
KL33,Changanacherry Srto,Kerala,32
KL30,Chengannur Srto,Kerala,32
KL32,Cherthala Srto,Kerala,32
KL70,Chittur Srto,Kerala,32
KL68,Devikulam Srto,Kerala,32
KL07,Ernakulam Rto,Kerala,32
KL46,Guruvayur Srto,Kerala,32
KL06,Idukki Rto,Kerala,32
KL45,Irinjalakuda Srto,Kerala,32
KL78,Iritty Srto,Kerala,32
KL60,Kanhangad Srto,Kerala,32
KL34,Kanjirappally Srto,Kerala,32
KL13,Kannur Rto,Kerala,32
KL23,Karunagappally Srto,Kerala,32
KL14,Kasargode Rto,Kerala,32
KL74,Kattakada Srto,Kerala,32
KL29,Kayamkulam Srto,Kerala,32
KL22,Kazhakuttom Srto,Kerala,32
KL47,Kodungallur Srto,Kerala,32
KL57,Koduvally Srto,Kerala,32
KL56,Koilandy Srto,Kerala,32
KL02,Kollam Rto,Kerala,32
KL84,Kondotty Srto,Kerala,32
KL83,Konni Srto,Kerala,32
KL44,Kothamangalam Srto,Kerala,32
KL24,Kottarakkara Srto,Kerala,32
KL05,Kottayam Rto,Kerala,32
KL11,Kozhikode Rto,Kerala,32
KL61,Kunnathur Srto,Kerala,32
KL66,Kuttanadu Srto,Kerala,32
KL10,Malappuram Rto,Kerala,32
KL28,Mallappally Srto,Kerala,32
KL72,Mananthavady Srto,Kerala,32
KL50,Mannarghat Srto,Kerala,32
KL43,Mattancherry Srto,Kerala,32
KL31,Mavelikkara Srto,Kerala,32
KL17,Muvattupuzha Rto,Kerala,32
KL76,Nanmanda Srto,Kerala,32
KL15,Nationalised Sector Rto,Kerala,32
KL21,Nedumangadu Srto,Kerala,32
KL20,Neyyattinkara Srto,Kerala,32
KL71,Nilambur Srto,Kerala,32
KL42,North Parur Srto,Kerala,32
KL51,Ottappalam Srto,Kerala,32
KL35,Palai Srto,Kerala,32
KL09,Palakkad Rto,Kerala,32
KL19,Parassala Srto,Kerala,32
KL03,Pathanamthitta Rto,Kerala,32
KL80,Pathanapuram Srto,Kerala,32
KL52,Pattambi Srto,Kerala,32
KL86,Payyannur Srto,Kerala,32
KL77,Perambra Srto,Kerala,32
KL53,Perinthalmanna Srto,Kerala,32
KL40,Perumbavur Srto,Kerala,32
KL54,Ponnani Srto,Kerala,32
KL25,Punalur Srto,Kerala,32
KL85,Ramanattukara  Srto,Kerala,32
KL62,Ranni Srto,Kerala,32
KL73,Sulthanbathery Srto,Kerala,32
KL58,Thalassery Srto,Kerala,32
KL59,Thaliparamba Srto,Kerala,32
KL55,Thirur Srto,Kerala,32
KL65,Thirurangadi Srto,Kerala,32
KL27,Thiruvalla Srto,Kerala,32
KL38,Thodupuzha Srto,Kerala,32
KL75,Thriprayar Srto,Kerala,32
KL08,Thrissur Rto,Kerala,32
KL39,Tripunithura Srto,Kerala,32
KL01,Trivandrum Rto,Kerala,32
KL69,Udumbanchola Srto,Kerala,32
KL67,Uzhavoor Srto,Kerala,32
KL18,Vadakara Rto,Kerala,32
KL36,Vaikom Srto,Kerala,32
KL37,Vandiperiyar Srto,Kerala,32
KL81,Varkala Srto,Kerala,32
KL79,Vellarikundu Srto,Kerala,32
KL48,Wadakkancherry Srto,Kerala,32
KL12,Wayanad Rto,Kerala,32
LA01,Kargil Arto,Ladakh,37
LA02,Leh Arto,Ladakh,37
MP70,Agar Malwa Rto,Madhya Pradesh,23
MP69,Alirajpur Dto,Madhya Pradesh,23
MP65,Anuppur Dto,Madhya Pradesh,23
MP67,Ashoknagar Dto,Madhya Pradesh,23
MP46,Badwani Dto,Madhya Pradesh,23
MP50,Balaghat Dto,Madhya Pradesh,23
MP48,Betul Dto,Madhya Pradesh,23
MP30,Bhind Dto,Madhya Pradesh,23
MP04,Bhopal Rto,Madhya Pradesh,23
MP68,Burhanpur Dto,Madhya Pradesh,23
MP16,Chattarpur  Arto,Madhya Pradesh,23
MP28,Chhindwara Arto,Madhya Pradesh,23
MP34,Damoh Dto,Madhya Pradesh,23
MP32,Datia Dto,Madhya Pradesh,23
MP41,Dewas Dto,Madhya Pradesh,23
MP11,Dhar Arto,Madhya Pradesh,23
MP52,Dindori Dto,Madhya Pradesh,23
MP08,Guna Dto,Madhya Pradesh,23
MP07,Gwalior Rto,Madhya Pradesh,23
MP47,Harda Dto,Madhya Pradesh,23
MP05,Hosangabad Dto,Madhya Pradesh,23
MP09,Indore Rto,Madhya Pradesh,23
MP20,Jabalpur Rto,Madhya Pradesh,23
MP45,Jhabua Dto,Madhya Pradesh,23
MP21,Katni Arto,Madhya Pradesh,23
MP12,Khandwa Arto,Madhya Pradesh,23
MP10,Khargone Arto,Madhya Pradesh,23
MP51,Mandla Dto,Madhya Pradesh,23
MP14,Mandsaur Arto,Madhya Pradesh,23
MP06,Morena Dto,Madhya Pradesh,23
MP49,Narsinghpur Dto,Madhya Pradesh,23
MP44,Neemuch Dto,Madhya Pradesh,23
MP71,Niwari Dto,Madhya Pradesh,23
MP35,Panna Dto,Madhya Pradesh,23
MP38,Raisen Dto,Madhya Pradesh,23
MP39,Rajgarh Dto,Madhya Pradesh,23
MP43,Ratlam Dto,Madhya Pradesh,23
MP17,Rewa Rto,Madhya Pradesh,23
MP15,Sagar Rto,Madhya Pradesh,23
MP19,Satna Arto,Madhya Pradesh,23
MP37,Sehore Dto,Madhya Pradesh,23
MP22,Seoni Arto,Madhya Pradesh,23
MP18,Shahdol Rto,Madhya Pradesh,23
MP42,Shajapur Dto,Madhya Pradesh,23
MP31,Sheopur Dto,Madhya Pradesh,23
MP33,Shivpuri Dto,Madhya Pradesh,23
MP53,Sidhi Dto,Madhya Pradesh,23
MP66,Singroli Dto,Madhya Pradesh,23
MP36,Tikamgarh Dto,Madhya Pradesh,23
MP13,Ujjain Rto,Madhya Pradesh,23
MP54,Umaria Dto,Madhya Pradesh,23
MP40,Vidisha Dto,Madhya Pradesh,23
MH16,Ahemednagar,Maharashtra,27
MH45,Akluj,Maharashtra,27
MH30,Akola,Maharashtra,27
MH44,Ambejogai,Maharashtra,27
MH27,Amrawati,Maharashtra,27
MH42,Baramati,Maharashtra,27
MH23,Beed,Maharashtra,27
MH54,Bhadgaon,Maharashtra,27
MH36,Bhandara,Maharashtra,27
MH28,Buldhana,Maharashtra,27
MH52,Chalisgaon,Maharashtra,27
MH34,Chandrapur,Maharashtra,27
MH20,Chhatrapati Sambhajinagar,Maharashtra,27
MH25,Dharashiv,Maharashtra,27
MH18,Dhule,Maharashtra,27
MH38,"Dy Regional Transport Office, Hingoli",Maharashtra,27
MH14,Dy Rto Pimpri Chinchwad,Maharashtra,27
MH08,Dy Rto Ratnagiri,Maharashtra,27
MH47,Dy.R.T.O.Borivali,Maharashtra,27
MH33,Gadchiroli,Maharashtra,27
MH35,Gondhia,Maharashtra,27
MH51,Ichalkaranji,Maharashtra,27
MH21,Jalana,Maharashtra,27
MH19,Jalgaon,Maharashtra,27
MH05,Kalyan,Maharashtra,27
MH50,Karad,Maharashtra,27
MH09,Kolhapur,Maharashtra,27
MH24,Latur,Maharashtra,27
MH41,Malegaon,Maharashtra,27
MH01,Mumbai,Maharashtra,27
MH03,Mumbai,Maharashtra,27
MH02,Mumbai,Maharashtra,27
MH49,Nagpur,Maharashtra,27
MH40,Nagpur,Maharashtra,27
MH31,Nagpur,Maharashtra,27
MH26,Nanded,Maharashtra,27
MH39,Nandurbar,Maharashtra,27
MH15,Nashik,Maharashtra,27
MH46,Panvel,Maharashtra,27
MH22,Parbhani,Maharashtra,27
MH06,Pen,Maharashtra,27
MH12,Pune,Maharashtra,27
MH10,Sangli,Maharashtra,27
MH11,Satara,Maharashtra,27
MH07,Sindhudurg,Maharashtra,27
MH13,Solapur,Maharashtra,27
MH17,Srirampur,Maharashtra,27
MH04,Thane,Maharashtra,27
MH48,Vasai,Maharashtra,27
MH43,Vashi,Maharashtra,27
MH32,Wardha,Maharashtra,27
MH37,Washim,Maharashtra,27
MH29,Yawatmal,Maharashtra,27
MN05,Bishnupur,Manipur,14
MN09,Chandel,Manipur,14
MN02,Churachandpur,Manipur,14
MN11,"District Transport Office, Tengnoupal",Manipur,14
MN06,Imphal East,Manipur,14
MN01,Imphal West,Manipur,14
MN03,Kangpokpi,Manipur,14
MN08,Senapati,Manipur,14
MN10,Tamenglong,Manipur,14
MN04,Thoubal,Manipur,14
MN07,Ukhrul,Manipur,14
ML14,Ampati,Meghalaya,17
ML09,Baghmara,Meghalaya,17
ML04,Jowai,Meghalaya,17
ML11,Khliehriat,Meghalaya,17
ML15,Mairang,Meghalaya,17
ML12,Mawkyrwat,Meghalaya,17
ML10,Nongpoh,Meghalaya,17
ML06,Nongstoin,Meghalaya,17
ML13,Resubelpara,Meghalaya,17
ML05,Shillong,Meghalaya,17
ML08,Tura,Meghalaya,17
ML07,Williamnagar,Meghalaya,17
MZ01,Aizawl Dto,Mizoram,15
MZ04,Champhai,Mizoram,15
MZ05,Kolasib,Mizoram,15
MZ07,Lawngtlai,Mizoram,15
MZ02,Lunglei,Mizoram,15
MZ08,Mamit,Mizoram,15
MZ03,Saiha,Mizoram,15
MZ06,Serchhip,Mizoram,15
NL07,Dimapur Dto,Nagaland,13
NL01,Kohima Rto,Nagaland,13
NL02,Mokokchung Rto,Nagaland,13
NL04,Mon Dto,Nagaland,13
NL08,Phek Dto,Nagaland,13
NL03,Tuensang Dto,Nagaland,13
NL05,Wokha Dto,Nagaland,13
NL06,Zunheboto Dto,Nagaland,13
OR19,Angul Rto,Odisha,21
OR90,Arto Barbil,Odisha,21
OR01,Balasore Rto,Odisha,21
OR17,Bargarh Rto,Odisha,21
OR22,Bhadrak Rto,Odisha,21
OR32,Bhanjanagar Rto,Odisha,21
OR02,Bhubaneswar Rto,Odisha,21
OR33,Bhubaneswar-Ii Rto,Odisha,21
OR03,Bolangir Rto,Odisha,21
OR27,Boudh Rto,Odisha,21
OR04,Chandikhole Rto,Odisha,21
OR05,Cuttack Rto,Odisha,21
OR28,Deogarh Rto,Odisha,21
OR06,Dhenkanal Rto,Odisha,21
OR20,Gajapati Rto,Odisha,21
OR07,Ganjam Rto,Odisha,21
OR21,Jagatsinghpur Rto,Odisha,21
OR34,Jajpur Rto,Odisha,21
OR23,Jharsuguda Rto,Odisha,21
OR08,Kalahandi Rto,Odisha,21
OR29,Kendrapara Rto,Odisha,21
OR09,Keonjhar Rto,Odisha,21
OR10,Koraput Rto,Odisha,21
OR30,Malkanagiri Rto,Odisha,21
OR11,Mayurbhanj Rto,Odisha,21
OR24,Nawarangpur Rto,Odisha,21
OR25,Nayagarh Rto,Odisha,21
OR26,Nuapada Rto,Odisha,21
OR12,Phulbani Rto,Odisha,21
OR13,Puri Rto,Odisha,21
OR18,Raygada Rto,Odisha,21
OR14,Rourkela Rto,Odisha,21
OR15,Sambalpur Rto,Odisha,21
OR31,Sonepur Rto,Odisha,21
OR16,Sundergarh Rto,Odisha,21
OR35,Talcher Rto,Odisha,21
PY11,Bahour,Puducherry,34
PY02,Karaikal,Puducherry,34
PY03,Mahe,Puducherry,34
PY05,Oulgaret,Puducherry,34
PY01,Puducherry,Puducherry,34
PY51,Villianur,Puducherry,34
PY04,Yanam,Puducherry,34
PB01,Punjab Sta-,Punjab,3
PB02,Rto Amritsar,Punjab,3
PB19,Rto Barnala,Punjab,3
PB03,Rto Bathinda,Punjab,3
PB04,Rto Faridkot,Punjab,3
PB23,Rto Fatehgarh Sahib,Punjab,3
PB22,Rto Fazilka,Punjab,3
PB05,Rto Ferozpur,Punjab,3
PB06,Rto Gurdaspur,Punjab,3
PB07,Rto Hoshiarpur,Punjab,3
PB08,Rto Jalandhar,Punjab,3
PB09,Rto Kapurthala,Punjab,3
PB10,Rto Ludhiana,Punjab,3
PB28,Rto Malerkotla,Punjab,3
PB31,Rto Mansa,Punjab,3
PB29,Rto Moga,Punjab,3
PB30,Rto Muktsar Sahib,Punjab,3
PB35,Rto Pathankot,Punjab,3
PB11,Rto Patiala,Punjab,3
PB12,Rto Ropar,Punjab,3
PB65,Rto Sahibzada Ajit Singh Nagar,Punjab,3
PB13,Rto Sangrur,Punjab,3
PB32,Rto Sbs Nagar,Punjab,3
PB46,Rto Tarn Taran,Punjab,3
PB15,Sdm Abohar,Punjab,3
PB82,Sdm Ahmedgarh,Punjab,3
PB14,Sdm Ajnala,Punjab,3
PB92,Sdm Amargarh,Punjab,3
PB48,Sdm Amloh,Punjab,3
PB89,Sdm Amritsar-2,Punjab,3
PB16,Sdm Anandpur Sahib,Punjab,3
PB17,Sdm Baba Bakala,Punjab,3
PB69,Sdm Bagha Purana,Punjab,3
PB20,Sdm Balachaur,Punjab,3
PB78,Sdm Banga,Punjab,3
PB52,Sdm Bassi Pathana,Punjab,3
PB18,Sdm Batala,Punjab,3
PB84,Sdm Bhawnigarh,Punjab,3
PB88,Sdm Bhikhiwind,Punjab,3
PB57,Sdm Bholath,Punjab,3
PB50,Sdm Budhlada,Punjab,3
PB71,Sdm Chamkaur Sahib,Punjab,3
PB21,Sdm Dasuya,Punjab,3
PB58,Sdm Dera Baba Nanak,Punjab,3
PB70,Sdm Dera Bassi,Punjab,3
PB68,Sdm Dhar Kalan,Punjab,3
PB76,Sdm Dharamkot,Punjab,3
PB59,Sdm Dhuri,Punjab,3
PB99,Sdm Dinanagar,Punjab,3
PB86,Sdm Dirba,Punjab,3
PB83,Sdm Dudhan Sadhan,Punjab,3
PB24,Sdm Garshankar,Punjab,3
PB60,Sdm Giddarbaha,Punjab,3
PB77,Sdm Guru Har Sahai,Punjab,3
PB25,Sdm Jagraon,Punjab,3
PB62,Sdm Jaito,Punjab,3
PB61,Sdm Jalalabad,Punjab,3
PB90,Sdm Jalandhar-11,Punjab,3
PB85,Sdm Kalanaur,Punjab,3
PB63,Sdm Khadur Sahib,Punjab,3
PB49,Sdm Khamano,Punjab,3
PB26,Sdm Khanna,Punjab,3
PB27,Sdm Kharar,Punjab,3
PB79,Sdm Kotkapura,Punjab,3
PB75,Sdm Lehragaga,Punjab,3
PB93,Sdm Lopoke,Punjab,3
PB91,Sdm Ludhiana East,Punjab,3
PB81,Sdm Majitha,Punjab,3
PB53,Sdm Malout,Punjab,3
PB80,Sdm Maur Mandi,Punjab,3
PB64,Sdm Moonak,Punjab,3
PB87,Sdm Morinda,Punjab,3
PB54,Sdm Mukerian,Punjab,3
PB34,Sdm Nabha,Punjab,3
PB33,Sdm Nakodar,Punjab,3
PB74,Sdm Nangal,Punjab,3
PB66,Sdm Nihal Singh Wala,Punjab,3
PB72,Sdm Patran,Punjab,3
PB38,Sdm Patti,Punjab,3
PB55,Sdm Payal,Punjab,3
PB36,Sdm Phagwara,Punjab,3
PB37,Sdm Phillour,Punjab,3
PB56,Sdm Raikot,Punjab,3
PB39,Sdm Rajpura,Punjab,3
PB40,Sdm Rampura Phul,Punjab,3
PB42,Sdm Samana,Punjab,3
PB43,Sdm Samrala,Punjab,3
PB51,Sdm Sardulgarh,Punjab,3
PB67,Sdm Shahkot,Punjab,3
PB41,Sdm Sultanpur Lodhi,Punjab,3
PB44,Sdm Sunam,Punjab,3
PB45,Sdm Talwandi Sabo,Punjab,3
PB73,Sdm Tapa,Punjab,3
PB47,Sdm Zira,Punjab,3
RJ38,Abu Road Dto,Rajasthan,8
RJ01,Ajmer Rto,Rajasthan,8
RJ02,Alwar Rto,Rajasthan,8
RJ39,Balotra Dto,Rajasthan,8
RJ03,Banswara Dto,Rajasthan,8
RJ28,Baran Dto,Rajasthan,8
RJ04,Barmer Dto,Rajasthan,8
RJ36,Beawar Dto,Rajasthan,8
RJ05,Bharatpur Rto,Rajasthan,8
RJ06,Bhilwara Dto,Rajasthan,8
RJ46,Bhinmal Dto,Rajasthan,8
RJ40,Bhiwari Dto,Rajasthan,8
RJ07,Bikaner Rto,Rajasthan,8
RJ08,Bundi Dto,Rajasthan,8
RJ09,Chittorgarh Rto,Rajasthan,8
RJ41,Chomu Dto,Rajasthan,8
RJ10,Churu Dto,Rajasthan,8
RJ29,Dausa Rto,Rajasthan,8
RJ11,Dholpur Dto,Rajasthan,8
RJ37,Didwana Dto,Rajasthan,8
RJ47,Dudu Dto,Rajasthan,8
RJ12,Dungarpur Dto,Rajasthan,8
RJ31,Hanumangarh Dto,Rajasthan,8
RJ14,"Jagatpura, Jaipur Arto",Rajasthan,8
RJ59,Jaipur  Rto,Rajasthan,8
RJ15,Jaisalmer Dto,Rajasthan,8
RJ16,Jalore Dto,Rajasthan,8
RJ17,Jhalawar Dto,Rajasthan,8
RJ18,Jhunjhunu Dto,Rajasthan,8
RJ19,Jodhpur Rto,Rajasthan,8
RJ34,Karoli Dto,Rajasthan,8
RJ48,Kekri Dto,Rajasthan,8
RJ53,Khetri Dto,Rajasthan,8
RJ42,Kishangarh Dto,Rajasthan,8
RJ20,Kota Rto,Rajasthan,8
RJ32,Kotputali Dto,Rajasthan,8
RJ21,Nagaur Dto,Rajasthan,8
RJ49,Nohar Dto,Rajasthan,8
RJ50,Nokha Dto,Rajasthan,8
RJ22,Pali Rto,Rajasthan,8
RJ43,Phalodi Dto,Rajasthan,8
RJ54,Pipar City Dto,Rajasthan,8
RJ55,Pokhran Dto,Rajasthan,8
RJ35,Pratapgarh Dto,Rajasthan,8
RJ30,Rajsamand Dto,Rajasthan,8
RJ33,Ramganjmandi Dto,Rajasthan,8
RJ56,Sadulshahar Dto,Rajasthan,8
RJ51,Sahapura  Dto,Rajasthan,8
RJ52,Sahapura  Dto,Rajasthan,8
RJ58,Salumbar Dto,Rajasthan,8
RJ25,Sawai Madhopur Dto,Rajasthan,8
RJ23,Sikar Rto,Rajasthan,8
RJ24,Sirohi Dto,Rajasthan,8
RJ13,Sri Ganganagar Dto,Rajasthan,8
RJ44,Sujangarh Dto,Rajasthan,8
RJ57,Sumerpur Dto,Rajasthan,8
RJ26,Tonk Dto,Rajasthan,8
RJ27,Udaipur Rto,Rajasthan,8
SK02,Gyalsing,Sikkim,11
SK04,Jorethang,Sikkim,11
SK03,Mangan,Sikkim,11
SK05,Namchi,Sikkim,11
SK07,Pakyong,Sikkim,11
SK01,Rto Gangtok,Sikkim,11
SK08,"Singtam, East Sikkim",Sikkim,11
SK06,Soreng,Sikkim,11
TN64,Alangudi Uo,Tamil Nadu,33
TN61,Ambasamuthiram Uo,Tamil Nadu,33
TN62,Ambur Uo,Tamil Nadu,33
TN60,Arakkonam Uo,Tamil Nadu,33
TN51,Arani Rto,Tamil Nadu,33
TN59,Aranthangi Uo,Tamil Nadu,33
TN63,Aravakurichi Uo,Tamil Nadu,33
TN58,Avinashi Uo,Tamil Nadu,33
TN57,Bhavani Uo,Tamil Nadu,33
TN19,Chengalpattu Rto,Tamil Nadu,33
TN01,Chennai  Rto,Tamil Nadu,33
TN04,Chennai  Rto,Tamil Nadu,33
TN05,Chennai  Rto,Tamil Nadu,33
TN03,Chennai  Rto,Tamil Nadu,33
TN07,Chennai  Rto,Tamil Nadu,33
TN06,Chennai  Rto,Tamil Nadu,33
TN10,Chennai  Rto,Tamil Nadu,33
TN09,Chennai  Rto,Tamil Nadu,33
TN54,Chidambaram Rto,Tamil Nadu,33
TN66,Coimbatore  Rto,Tamil Nadu,33
TN38,Coimbatore  Rto,Tamil Nadu,33
TN37,Coimbatore  Rto,Tamil Nadu,33
TN99,Coimbatore  Rto,Tamil Nadu,33
TN31,Cuddalore Rto,Tamil Nadu,33
TN29,Dharmapuri Rto,Tamil Nadu,33
TN86,Erode  Rto,Tamil Nadu,33
TN33,Erode Rto,Tamil Nadu,33
TN36,Gopichettipalayam Rto,Tamil Nadu,33
TN52,Harur Uo,Tamil Nadu,33
TN70,Hosur Rto,Tamil Nadu,33
TN21,Kancheepuram Rto,Tamil Nadu,33
TN47,Karur Rto,Tamil Nadu,33
TN24,Krishnagiri Rto,Tamil Nadu,33
TN68,Kumbakonam Rto,Tamil Nadu,33
TN85,Kundrathur Rto,Tamil Nadu,33
TN50,Madurantagam Uo,Tamil Nadu,33
TN75,Marthandam Rto,Tamil Nadu,33
TN22,Meenambakkam Rto,Tamil Nadu,33
TN40,Mettupalayam Rto,Tamil Nadu,33
TN74,Nagercoil Rto,Tamil Nadu,33
TN28,Namakkal  Rto,Tamil Nadu,33
TN88,Namakkal  Rto,Tamil Nadu,33
TN56,Neyveli Uo,Tamil Nadu,33
TN53,Omalure Uo,Tamil Nadu,33
TN43,Ooty Rto,Tamil Nadu,33
TN46,Perambalur Rto,Tamil Nadu,33
TN41,Pollachi Rto,Tamil Nadu,33
TN55,Pudukottai Rto,Tamil Nadu,33
TN65,Ramanathapuram Rto,Tamil Nadu,33
TN73,Ranipet Rto,Tamil Nadu,33
TN18,Redhills Rto,Tamil Nadu,33
TN02,Rto Chennai,Tamil Nadu,33
TN90,Salem  Rto,Tamil Nadu,33
TN30,Salem  Rto,Tamil Nadu,33
TN48,Srirangam Rto,Tamil Nadu,33
TN76,Tenkasi Rto,Tamil Nadu,33
TN49,Thanjavur Rto,Tamil Nadu,33
TN69,Thoothukudi Rto,Tamil Nadu,33
TN34,Tiruchengode Rto,Tamil Nadu,33
TN45,Tiruchi Rto,Tamil Nadu,33
TN81,Tiruchi Rto,Tamil Nadu,33
TN72,Tirunelveli Rto,Tamil Nadu,33
TN39,Tiruppur  Rto,Tamil Nadu,33
TN42,Tiruppur  Rto,Tamil Nadu,33
TN20,Tiruvallur Rto,Tamil Nadu,33
TN25,Tiruvannamalai Rto,Tamil Nadu,33
TN23,Vellore Rto,Tamil Nadu,33
TN32,Viluppuram Rto,Tamil Nadu,33
TN67,Virudhunagar Rto,Tamil Nadu,33
TR04,Dhalai Dto,Tripura,16
TR03,Gomati Dto,Tripura,16
TR06,Khowai Dto,Tripura,16
TR05,North Tripura Dto,Tripura,16
TR07,Sepahijala Dto,Tripura,16
TR08,South Tripura Dto,Tripura,16
TR02,Unakoti Dto,Tripura,16
TR01,West Tripura Jtc,Tripura,16
DD03,Daman,The Dadra And Nagar Haveli And Daman And Diu,38
DD02,Diu,The Dadra And Nagar Haveli And Daman And Diu,38
DD01,Silvassa,The Dadra And Nagar Haveli And Daman And Diu,38
UP80,Agra Rto,Uttar Pradesh,9
UP45,Akbarpur,Uttar Pradesh,9
UP81,Aligarh Rto,Uttar Pradesh,9
UP36,Amethi Arto,Uttar Pradesh,9
UP22,Arto Office Rampur,Uttar Pradesh,9
UP79,Auraiya,Uttar Pradesh,9
UP42,Ayodhya Rto,Uttar Pradesh,9
UP50,Azamgarh Rto,Uttar Pradesh,9
UP24,Badaun,Uttar Pradesh,9
UP17,Baghpat,Uttar Pradesh,9
UP40,Bahraich,Uttar Pradesh,9
UP60,Ballia,Uttar Pradesh,9
UP47,Balrampur,Uttar Pradesh,9
UP90,Bandarto,Uttar Pradesh,9
UP41,Barabanki Arto,Uttar Pradesh,9
UP25,Bareilly,Uttar Pradesh,9
UP51,Basti Rto,Uttar Pradesh,9
UP66,Bhadohi,Uttar Pradesh,9
UP20,Bijnor,Uttar Pradesh,9
UP13,Bulandshahar,Uttar Pradesh,9
UP67,Chandauli,Uttar Pradesh,9
UP96,Chitrakoot,Uttar Pradesh,9
UP52,Deoria,Uttar Pradesh,9
UP82,Etah,Uttar Pradesh,9
UP75,Etawah,Uttar Pradesh,9
UP76,Farrukhabad,Uttar Pradesh,9
UP71,Fathehpur,Uttar Pradesh,9
UP83,Ferozabad,Uttar Pradesh,9
UP14,Ghaziabad,Uttar Pradesh,9
UP61,Ghazipur,Uttar Pradesh,9
UP43,Gonda,Uttar Pradesh,9
UP53,Gorakhpur Rto,Uttar Pradesh,9
UP91,Hamirpur,Uttar Pradesh,9
UP37,Hapur,Uttar Pradesh,9
UP30,Hardoi,Uttar Pradesh,9
UP86,Hathras,Uttar Pradesh,9
UP62,Jaunpur,Uttar Pradesh,9
UP93,Jhansirto,Uttar Pradesh,9
UP23,Jpnagar,Uttar Pradesh,9
UP74,Kannauj,Uttar Pradesh,9
UP77,Kanpur Dehat,Uttar Pradesh,9
UP78,Kanpur Nagar,Uttar Pradesh,9
UP87,Kasganj,Uttar Pradesh,9
UP73,Kaushambi,Uttar Pradesh,9
UP31,Lakhimpur Kheri,Uttar Pradesh,9
UP94,Lalitpur,Uttar Pradesh,9
UP32,Mahanagar Arto Lucknow,Uttar Pradesh,9
UP56,Maharajganj,Uttar Pradesh,9
UP95,Mahoba,Uttar Pradesh,9
UP84,Mainpuri,Uttar Pradesh,9
UP85,Mathura,Uttar Pradesh,9
UP54,Mau,Uttar Pradesh,9
UP15,Meerut Rto,Uttar Pradesh,9
UP63,Mirzapur Rto,Uttar Pradesh,9
UP21,Moradabad,Uttar Pradesh,9
UP12,Muzaffarnagar,Uttar Pradesh,9
UP16,Noida,Uttar Pradesh,9
UP92,Orai,Uttar Pradesh,9
UP57,Padrauna,Uttar Pradesh,9
UP26,Pilibhit,Uttar Pradesh,9
UP72,Pratapgarh,Uttar Pradesh,9
UP70,Prayagraj Rto,Uttar Pradesh,9
UP33,Raibareilly,Uttar Pradesh,9
UP11,Saharanpur Rto,Uttar Pradesh,9
UP27,Sahjahanpur,Uttar Pradesh,9
UP38,Sambhal Arto,Uttar Pradesh,9
UP58,Sant Kabir Nagar,Uttar Pradesh,9
UP19,Shamli Arto,Uttar Pradesh,9
UP46,Shravasti,Uttar Pradesh,9
UP55,Siddharth Nagar,Uttar Pradesh,9
UP34,Sitapur,Uttar Pradesh,9
UP64,Sonbhadra,Uttar Pradesh,9
UP44,Sultanpur,Uttar Pradesh,9
UP35,Unnao,Uttar Pradesh,9
UP65,Varanasi Rto,Uttar Pradesh,9
UK01,Almora Rto,Uttarakhand,5
UK02,Bageshwar Arto,Uttarakhand,5
UK07,Dehradun Rto,Uttarakhand,5
UK04,Haldwani Rto,Uttarakhand,5
UK08,Haridwar Arto,Uttarakhand,5
UK11,Karanprayag Arto,Uttarakhand,5
UK18,Kashipur Arto,Uttarakhand,5
UK15,Kotdwar Arto,Uttarakhand,5
UK12,Pauri Rto,Uttarakhand,5
UK05,Pithoragarh Arto,Uttarakhand,5
UK19,Ramnagar Arto,Uttarakhand,5
UK20,Ranikhet Arto,Uttarakhand,5
UK14,Rishikesh Arto,Uttarakhand,5
UK17,Roorkee Arto,Uttarakhand,5
UK13,Rudraprayag Arto,Uttarakhand,5
UK03,Tanakpur Arto,Uttarakhand,5
UK09,Tehri Arto,Uttarakhand,5
UK06,Udham Singh Nagar Arto,Uttarakhand,5
UK10,Uttarkashi Arto,Uttarakhand,5
UK16,Vikas Nagar Arto,Uttarakhand,5
WB19,Alipore Rto,West Bengal,19
WB69,Alipurduar Rto,West Bengal,19
WB18,Arambag Arto,West Bengal,19
WB27,Bangaon Arto,West Bengal,19
WB67,Bankura Rto,West Bengal,19
WB25,Barasat Rto,West Bengal,19
WB23,Barrackpore Arto,West Bengal,19
WB95,Baruipur Arto,West Bengal,19
WB21,Basirhat Arto,West Bengal,19
WB09,Behala Arto,West Bengal,19
WB53,Birbhum Rto,West Bengal,19
WB87,Bishnupur Arto,West Bengal,19
WB47,Bolpur Arto,West Bengal,19
WB83,Chanchol Arto,West Bengal,19
WB31,Contai Arto,West Bengal,19
WB63,Coochbehar Rto,West Bengal,19
WB61,Dakshin Dinajpur Rto,West Bengal,19
WB76,Darjeeling Rto,West Bengal,19
WB97,Diamond Harbour Arto,West Bengal,19
WB39,Durgapore Arto,West Bengal,19
WB50,Ghatal Arto,West Bengal,19
WB32,Haldia Arto,West Bengal,19
WB15,Hooghly Rto,West Bengal,19
WB11,Howrah Rto,West Bengal,19
WB91,Islampur Arto,West Bengal,19
WB71,Jalpaiguri Rto,West Bengal,19
WB93,Jangipur Arto,West Bengal,19
WB49,Jhargram Rto,West Bengal,19
WB78,Kalimpong Rto,West Bengal,19
WB43,Kalna Arto,West Bengal,19
WB89,Kalyani Arto,West Bengal,19
WB05,Kasba Arto,West Bengal,19
WB75,Katwa Arto,West Bengal,19
WB35,Kharagpur Arto,West Bengal,19
WB65,Malda Rto,West Bengal,19
WB85,Mathabhanga Arto,West Bengal,19
WB57,Murshidabad Rto,West Bengal,19
WB51,Nadia Rto,West Bengal,19
WB37,Paschim Burdwan Rto,West Bengal,19
WB33,Paschim Midnapore Rto,West Bengal,19
WB41,Purba Burdwan Rto,West Bengal,19
WB55,Purulia Rto,West Bengal,19
WB01,Pvd Kolkata,West Bengal,19
WB81,Raghunathpur Arto,West Bengal,19
WB45,Rampurhat Arto,West Bengal,19
WB07,Saltlake Arto,West Bengal,19
WB73,Siliguri Arto,West Bengal,19
WB17,Srirampur Arto,West Bengal,19
WB99,Sta-Durgapur,West Bengal,19
WB29,Tamluk Rto,West Bengal,19
WB52,Tehatta Arto,West Bengal,19
WB13,Uluberia Arto,West Bengal,19
WB59,Uttar Dinajpur Rto,West Bengal,19
